"initial_alias","converted_alias","name","description","namespace"
"ABL1","ENSG00000097007","ABL1","ABL proto-oncogene 1, non-receptor tyrosine kinase [Source:HGNC Symbol;Acc:HGNC:76]","ENTREZGENE,GENECARDS,HGNC,UNIPROT_GN,WIKIGENE"
"ACP3","ENSG00000014257","ACP3","acid phosphatase 3 [Source:HGNC Symbol;Acc:HGNC:125]","ENTREZGENE,GENECARDS,HGNC,UNIPROT_GN,WIKIGENE"
"AKAP12","ENSG00000131016","AKAP12","A-kinase anchoring protein 12 [Source:HGNC Symbol;Acc:HGNC:370]","ENTREZGENE,GENECARDS,HGNC,UNIPROT_GN,WIKIGENE"
"AKT1","ENSG00000142208","AKT1","AKT serine/threonine kinase 1 [Source:HGNC Symbol;Acc:HGNC:391]","ENTREZGENE,GENECARDS,HGNC,UNIPROT_GN,WIKIGENE"
"AKT1S1","ENSG00000204673","AKT1S1","AKT1 substrate 1 [Source:HGNC Symbol;Acc:HGNC:28426]","ENTREZGENE,GENECARDS,HGNC,UNIPROT_GN,WIKIGENE"
"AKT3","ENSG00000117020","AKT3","AKT serine/threonine kinase 3 [Source:HGNC Symbol;Acc:HGNC:393]","ENTREZGENE,GENECARDS,HGNC,UNIPROT_GN,WIKIGENE"
"AMBRA1","ENSG00000110497","AMBRA1","autophagy and beclin 1 regulator 1 [Source:HGNC Symbol;Acc:HGNC:25990]","ENTREZGENE,GENECARDS,HGNC,UNIPROT_GN,WIKIGENE"
"APC2","ENSG00000115266","APC2","APC regulator of WNT signaling pathway 2 [Source:HGNC Symbol;Acc:HGNC:24036]","ENTREZGENE,GENECARDS,HGNC,UNIPROT_GN,WIKIGENE"
"APLNR","ENSG00000134817","APLNR","apelin receptor [Source:HGNC Symbol;Acc:HGNC:339]","ENTREZGENE,GENECARDS,HGNC,UNIPROT_GN,WIKIGENE"
"ARF1","ENSG00000143761","ARF1","ADP ribosylation factor 1 [Source:HGNC Symbol;Acc:HGNC:652]","ENTREZGENE,GENECARDS,HGNC,UNIPROT_GN,WIKIGENE"
"ARL5B","ENSG00000165997","ARL5B","ADP ribosylation factor like GTPase 5B [Source:HGNC Symbol;Acc:HGNC:23052]","ENTREZGENE,GENECARDS,HGNC,UNIPROT_GN,WIKIGENE"
"ARSL","ENSG00000157399","ARSL","arylsulfatase L [Source:HGNC Symbol;Acc:HGNC:719]","ENTREZGENE,GENECARDS,HGNC,UNIPROT_GN,WIKIGENE"
"ASPG","ENSG00000166183","ASPG","asparaginase [Source:HGNC Symbol;Acc:HGNC:20123]","ENTREZGENE,GENECARDS,HGNC,UNIPROT_GN,WIKIGENE"
"ASPM","ENSG00000066279","ASPM","assembly factor for spindle microtubules [Source:HGNC Symbol;Acc:HGNC:19048]","ENTREZGENE,GENECARDS,HGNC,UNIPROT_GN,WIKIGENE"
"ATP5F1A","ENSG00000152234","ATP5F1A","ATP synthase F1 subunit alpha [Source:HGNC Symbol;Acc:HGNC:823]","ENTREZGENE,GENECARDS,HGNC,UNIPROT_GN,WIKIGENE"
"BAG6","ENSG00000204463","BAG6","BAG cochaperone 6 [Source:HGNC Symbol;Acc:HGNC:13919]","ENTREZGENE,GENECARDS,HGNC,UNIPROT_GN,WIKIGENE"
"BCAR1","ENSG00000050820","BCAR1","BCAR1 scaffold protein, Cas family member [Source:HGNC Symbol;Acc:HGNC:971]","ENTREZGENE,GENECARDS,HGNC,UNIPROT_GN,WIKIGENE"
"BCL2L1","ENSG00000171552","BCL2L1","BCL2 like 1 [Source:HGNC Symbol;Acc:HGNC:992]","ENTREZGENE,GENECARDS,HGNC,UNIPROT_GN,WIKIGENE"
"BECN1","ENSG00000126581","BECN1","beclin 1 [Source:HGNC Symbol;Acc:HGNC:1034]","ENTREZGENE,GENECARDS,HGNC,UNIPROT_GN,WIKIGENE"
"BICD2","ENSG00000185963","BICD2","BICD cargo adaptor 2 [Source:HGNC Symbol;Acc:HGNC:17208]","ENTREZGENE,GENECARDS,HGNC,UNIPROT_GN,WIKIGENE"
"BIRC3","ENSG00000023445","BIRC3","baculoviral IAP repeat containing 3 [Source:HGNC Symbol;Acc:HGNC:591]","ENTREZGENE,GENECARDS,HGNC,UNIPROT_GN,WIKIGENE"
"BRAT1","ENSG00000106009","BRAT1","BRCA1 associated ATM activator 1 [Source:HGNC Symbol;Acc:HGNC:21701]","ENTREZGENE,GENECARDS,HGNC,UNIPROT_GN,WIKIGENE"
"BRCA1","ENSG00000012048","BRCA1","BRCA1 DNA repair associated [Source:HGNC Symbol;Acc:HGNC:1100]","DBASS5,ENTREZGENE,GENECARDS,HGNC,UNIPROT_GN,WIKIGENE"
"BSG","ENSG00000172270","BSG","basigin (Ok blood group) [Source:HGNC Symbol;Acc:HGNC:1116]","ENTREZGENE,GENECARDS,HGNC,UNIPROT_GN,WIKIGENE"
"BTF3","ENSG00000145741","BTF3","basic transcription factor 3 [Source:HGNC Symbol;Acc:HGNC:1125]","ENTREZGENE,GENECARDS,HGNC,UNIPROT_GN,WIKIGENE"
"C3ORF18","ENSG00000088543","C3orf18","chromosome 3 open reading frame 18 [Source:HGNC Symbol;Acc:HGNC:24837]","ENTREZGENE,GENECARDS,HGNC,UNIPROT_GN,WIKIGENE"
"C7ORF25","ENSG00000136197","C7orf25","chromosome 7 open reading frame 25 [Source:HGNC Symbol;Acc:HGNC:21703]","ENTREZGENE,GENECARDS,HGNC,UNIPROT_GN,WIKIGENE"
"CA14","ENSG00000118298","CA14","carbonic anhydrase 14 [Source:HGNC Symbol;Acc:HGNC:1372]","ENTREZGENE,GENECARDS,HGNC,UNIPROT_GN,WIKIGENE"
"CACNG4","ENSG00000075461","CACNG4","calcium voltage-gated channel auxiliary subunit gamma 4 [Source:HGNC Symbol;Acc:HGNC:1408]","ENTREZGENE,GENECARDS,HGNC,UNIPROT_GN,WIKIGENE"
"CAMKK2","ENSG00000110931","CAMKK2","calcium/calmodulin dependent protein kinase kinase 2 [Source:HGNC Symbol;Acc:HGNC:1470]","ENTREZGENE,GENECARDS,HGNC,UNIPROT_GN,WIKIGENE"
"CARHSP1","ENSG00000153048","CARHSP1","calcium regulated heat stable protein 1 [Source:HGNC Symbol;Acc:HGNC:17150]","ENTREZGENE,GENECARDS,HGNC,UNIPROT_GN,WIKIGENE"
"CASP8","ENSG00000064012","CASP8","caspase 8 [Source:HGNC Symbol;Acc:HGNC:1509]","ENTREZGENE,GENECARDS,HGNC,UNIPROT_GN,WIKIGENE"
"CCDC167","ENSG00000198937","CCDC167","coiled-coil domain containing 167 [Source:HGNC Symbol;Acc:HGNC:21239]","ENTREZGENE,GENECARDS,HGNC,UNIPROT_GN,WIKIGENE"
"CCNF","ENSG00000162063","CCNF","cyclin F [Source:HGNC Symbol;Acc:HGNC:1591]","ENTREZGENE,GENECARDS,HGNC,UNIPROT_GN,WIKIGENE"
"CD244","ENSG00000122223","CD244","CD244 molecule [Source:HGNC Symbol;Acc:HGNC:18171]","ENTREZGENE,GENECARDS,HGNC,UNIPROT_GN,WIKIGENE"
"CD274","ENSG00000120217","CD274","CD274 molecule [Source:HGNC Symbol;Acc:HGNC:17635]","ENTREZGENE,GENECARDS,HGNC,UNIPROT_GN,WIKIGENE"
"CD40","ENSG00000101017","CD40","CD40 molecule [Source:HGNC Symbol;Acc:HGNC:11919]","ENTREZGENE,GENECARDS,HGNC,UNIPROT_GN,WIKIGENE"
"CD74","ENSG00000019582","CD74","CD74 molecule [Source:HGNC Symbol;Acc:HGNC:1697]","ENTREZGENE,GENECARDS,HGNC,UNIPROT_GN,WIKIGENE"
"CD80","ENSG00000121594","CD80","CD80 molecule [Source:HGNC Symbol;Acc:HGNC:1700]","ENTREZGENE,GENECARDS,HGNC,UNIPROT_GN,WIKIGENE"
"CD83","ENSG00000112149","CD83","CD83 molecule [Source:HGNC Symbol;Acc:HGNC:1703]","ENTREZGENE,GENECARDS,HGNC,UNIPROT_GN,WIKIGENE"
"CDC20","ENSG00000117399","CDC20","cell division cycle 20 [Source:HGNC Symbol;Acc:HGNC:1723]","ENTREZGENE,GENECARDS,HGNC,UNIPROT_GN,WIKIGENE"
"CDC37","ENSG00000105401","CDC37","cell division cycle 37, HSP90 cochaperone [Source:HGNC Symbol;Acc:HGNC:1735]","ENTREZGENE,GENECARDS,HGNC,UNIPROT_GN,WIKIGENE"
"CDKN1B","ENSG00000111276","CDKN1B","cyclin dependent kinase inhibitor 1B [Source:HGNC Symbol;Acc:HGNC:1785]","ENTREZGENE,GENECARDS,HGNC,UNIPROT_GN,WIKIGENE"
"CETN3","ENSG00000153140","CETN3","centrin 3 [Source:HGNC Symbol;Acc:HGNC:1868]","ENTREZGENE,GENECARDS,HGNC,UNIPROT_GN,WIKIGENE"
"CFP","ENSG00000126759","CFP","complement factor properdin [Source:HGNC Symbol;Acc:HGNC:8864]","ENTREZGENE,GENECARDS,HGNC,UNIPROT_GN,WIKIGENE"
"CFTR","ENSG00000001626","CFTR","CF transmembrane conductance regulator [Source:HGNC Symbol;Acc:HGNC:1884]","DBASS5,ENTREZGENE,GENECARDS,HGNC,UNIPROT_GN,WIKIGENE"
"CHEK1","ENSG00000149554","CHEK1","checkpoint kinase 1 [Source:HGNC Symbol;Acc:HGNC:1925]","ENTREZGENE,GENECARDS,HGNC,UNIPROT_GN,WIKIGENE"
"CHUK","ENSG00000213341","CHUK","component of inhibitor of nuclear factor kappa B kinase complex [Source:HGNC Symbol;Acc:HGNC:1974]","ENTREZGENE,GENECARDS,HGNC,UNIPROT_GN,WIKIGENE"
"CIC","ENSG00000079432","CIC","capicua transcriptional repressor [Source:HGNC Symbol;Acc:HGNC:14214]","ENTREZGENE,GENECARDS,HGNC,UNIPROT_GN,WIKIGENE"
"CKAP5","ENSG00000175216","CKAP5","cytoskeleton associated protein 5 [Source:HGNC Symbol;Acc:HGNC:28959]","ENTREZGENE,GENECARDS,HGNC,UNIPROT_GN,WIKIGENE"
"CLEC16A","ENSG00000038532","CLEC16A","C-type lectin domain containing 16A [Source:HGNC Symbol;Acc:HGNC:29013]","ENTREZGENE,GENECARDS,HGNC,UNIPROT_GN,WIKIGENE"
"CLIP1","ENSG00000130779","CLIP1","CAP-Gly domain containing linker protein 1 [Source:HGNC Symbol;Acc:HGNC:10461]","ENTREZGENE,GENECARDS,HGNC,UNIPROT_GN,WIKIGENE"
"CMAS","ENSG00000111726","CMAS","cytidine monophosphate N-acetylneuraminic acid synthetase [Source:HGNC Symbol;Acc:HGNC:18290]","ENTREZGENE,GENECARDS,HGNC,UNIPROT_GN,WIKIGENE"
"CMKLR1","ENSG00000174600","CMKLR1","chemerin chemokine-like receptor 1 [Source:HGNC Symbol;Acc:HGNC:2121]","ENTREZGENE,GENECARDS,HGNC,UNIPROT_GN,WIKIGENE"
"COMMD1","ENSG00000173163","COMMD1","copper metabolism domain containing 1 [Source:HGNC Symbol;Acc:HGNC:23024]","ENTREZGENE,GENECARDS,HGNC,UNIPROT_GN,WIKIGENE"
"COMTD1","ENSG00000165644","COMTD1","catechol-O-methyltransferase domain containing 1 [Source:HGNC Symbol;Acc:HGNC:26309]","ENTREZGENE,GENECARDS,HGNC,UNIPROT_GN,WIKIGENE"
"CUL4A","ENSG00000139842","CUL4A","cullin 4A [Source:HGNC Symbol;Acc:HGNC:2554]","ENTREZGENE,GENECARDS,HGNC,UNIPROT_GN,WIKIGENE"
"CXCR4","ENSG00000121966","CXCR4","C-X-C motif chemokine receptor 4 [Source:HGNC Symbol;Acc:HGNC:2561]","ENTREZGENE,GENECARDS,HGNC,UNIPROT_GN,WIKIGENE"
"CYB5B","ENSG00000103018","CYB5B","cytochrome b5 type B [Source:HGNC Symbol;Acc:HGNC:24374]","ENTREZGENE,GENECARDS,HGNC,UNIPROT_GN,WIKIGENE"
"DCP2","ENSG00000172795","DCP2","decapping mRNA 2 [Source:HGNC Symbol;Acc:HGNC:24452]","ENTREZGENE,GENECARDS,HGNC,UNIPROT_GN,WIKIGENE"
"DDB1","ENSG00000167986","DDB1","damage specific DNA binding protein 1 [Source:HGNC Symbol;Acc:HGNC:2717]","ENTREZGENE,GENECARDS,HGNC,UNIPROT_GN,WIKIGENE"
"DDX21","ENSG00000165732","DDX21","DExD-box helicase 21 [Source:HGNC Symbol;Acc:HGNC:2744]","ENTREZGENE,GENECARDS,HGNC,UNIPROT_GN,WIKIGENE"
"DEPTOR","ENSG00000155792","DEPTOR","DEP domain containing MTOR interacting protein [Source:HGNC Symbol;Acc:HGNC:22953]","ENTREZGENE,GENECARDS,HGNC,UNIPROT_GN,WIKIGENE"
"DIAPH1","ENSG00000131504","DIAPH1","diaphanous related formin 1 [Source:HGNC Symbol;Acc:HGNC:2876]","ENTREZGENE,GENECARDS,HGNC,UNIPROT_GN,WIKIGENE"
"DICER1","ENSG00000100697","DICER1","dicer 1, ribonuclease III [Source:HGNC Symbol;Acc:HGNC:17098]","ENTREZGENE,GENECARDS,HGNC,UNIPROT_GN,WIKIGENE"
"DMAC1","ENSG00000137038","DMAC1","distal membrane arm assembly component 1 [Source:HGNC Symbol;Acc:HGNC:30536]","ENTREZGENE,GENECARDS,HGNC,WIKIGENE"
"DOT1L","ENSG00000104885","DOT1L","DOT1 like histone lysine methyltransferase [Source:HGNC Symbol;Acc:HGNC:24948]","ENTREZGENE,GENECARDS,HGNC,UNIPROT_GN,WIKIGENE"
"DPEP1","ENSG00000015413","DPEP1","dipeptidase 1 [Source:HGNC Symbol;Acc:HGNC:3002]","ENTREZGENE,GENECARDS,HGNC,UNIPROT_GN,WIKIGENE"
"ECH1","ENSG00000104823","ECH1","enoyl-CoA hydratase 1 [Source:HGNC Symbol;Acc:HGNC:3149]","ENTREZGENE,GENECARDS,HGNC,UNIPROT_GN,WIKIGENE"
"EDEM1","ENSG00000134109","EDEM1","ER degradation enhancing alpha-mannosidase like protein 1 [Source:HGNC Symbol;Acc:HGNC:18967]","ENTREZGENE,GENECARDS,HGNC,UNIPROT_GN,WIKIGENE"
"EFNA5","ENSG00000184349","EFNA5","ephrin A5 [Source:HGNC Symbol;Acc:HGNC:3225]","ENTREZGENE,GENECARDS,HGNC,UNIPROT_GN,WIKIGENE"
"EGFR","ENSG00000146648","EGFR","epidermal growth factor receptor [Source:HGNC Symbol;Acc:HGNC:3236]","ENTREZGENE,GENECARDS,HGNC,UNIPROT_GN,WIKIGENE"
"EIF3B","ENSG00000106263","EIF3B","eukaryotic translation initiation factor 3 subunit B [Source:HGNC Symbol;Acc:HGNC:3280]","ENTREZGENE,GENECARDS,HGNC,UNIPROT_GN,WIKIGENE"
"EIF3C","ENSG00000184110","EIF3C","eukaryotic translation initiation factor 3 subunit C [Source:HGNC Symbol;Acc:HGNC:3279]","ENTREZGENE,GENECARDS,HGNC,UNIPROT_GN,WIKIGENE"
"EIF3D","ENSG00000100353","EIF3D","eukaryotic translation initiation factor 3 subunit D [Source:HGNC Symbol;Acc:HGNC:3278]","ENTREZGENE,GENECARDS,HGNC,UNIPROT_GN,WIKIGENE"
"EIF3F","ENSG00000175390","EIF3F","eukaryotic translation initiation factor 3 subunit F [Source:HGNC Symbol;Acc:HGNC:3275]","ENTREZGENE,GENECARDS,HGNC,UNIPROT_GN,WIKIGENE"
"EIF4E","ENSG00000151247","EIF4E","eukaryotic translation initiation factor 4E [Source:HGNC Symbol;Acc:HGNC:3287]","ENTREZGENE,GENECARDS,HGNC,UNIPROT_GN,WIKIGENE"
"EIF4EBP1","ENSG00000187840","EIF4EBP1","eukaryotic translation initiation factor 4E binding protein 1 [Source:HGNC Symbol;Acc:HGNC:3288]","ENTREZGENE,GENECARDS,HGNC,UNIPROT_GN,WIKIGENE"
"EIF4EBP2","ENSG00000148730","EIF4EBP2","eukaryotic translation initiation factor 4E binding protein 2 [Source:HGNC Symbol;Acc:HGNC:3289]","ENTREZGENE,GENECARDS,HGNC,UNIPROT_GN,WIKIGENE"
"ELAVL1","ENSG00000066044","ELAVL1","ELAV like RNA binding protein 1 [Source:HGNC Symbol;Acc:HGNC:3312]","ENTREZGENE,GENECARDS,HGNC,UNIPROT_GN,WIKIGENE"
"EP300","ENSG00000100393","EP300","E1A binding protein p300 [Source:HGNC Symbol;Acc:HGNC:3373]","ENTREZGENE,GENECARDS,HGNC,UNIPROT_GN,WIKIGENE"
"EPHA3","ENSG00000044524","EPHA3","EPH receptor A3 [Source:HGNC Symbol;Acc:HGNC:3387]","ENTREZGENE,GENECARDS,HGNC,UNIPROT_GN,WIKIGENE"
"ESR1","ENSG00000091831","ESR1","estrogen receptor 1 [Source:HGNC Symbol;Acc:HGNC:3467]","ENTREZGENE,GENECARDS,HGNC,UNIPROT_GN,WIKIGENE"
"FAM174A","ENSG00000174132","FAM174A","family with sequence similarity 174 member A [Source:HGNC Symbol;Acc:HGNC:24943]","ENTREZGENE,GENECARDS,HGNC,UNIPROT_GN,WIKIGENE"
"FAM234A","ENSG00000167930","FAM234A","family with sequence similarity 234 member A [Source:HGNC Symbol;Acc:HGNC:14163]","ENTREZGENE,GENECARDS,HGNC,UNIPROT_GN,WIKIGENE"
"FANCA","ENSG00000187741","FANCA","FA complementation group A [Source:HGNC Symbol;Acc:HGNC:3582]","ENTREZGENE,GENECARDS,HGNC,UNIPROT_GN,WIKIGENE"
"FBXO8","ENSG00000164117","FBXO8","F-box protein 8 [Source:HGNC Symbol;Acc:HGNC:13587]","ENTREZGENE,GENECARDS,HGNC,UNIPROT_GN,WIKIGENE"
"FBXW7","ENSG00000109670","FBXW7","F-box and WD repeat domain containing 7 [Source:HGNC Symbol;Acc:HGNC:16712]","ENTREZGENE,GENECARDS,HGNC,UNIPROT_GN,WIKIGENE"
"FHL2","ENSG00000115641","FHL2","four and a half LIM domains 2 [Source:HGNC Symbol;Acc:HGNC:3703]","ENTREZGENE,GENECARDS,HGNC,UNIPROT_GN,WIKIGENE"
"FKBP1A","ENSG00000088832","FKBP1A","FKBP prolyl isomerase 1A [Source:HGNC Symbol;Acc:HGNC:3711]","ENTREZGENE,GENECARDS,HGNC,UNIPROT_GN,WIKIGENE"
"FKBP3","ENSG00000100442","FKBP3","FKBP prolyl isomerase 3 [Source:HGNC Symbol;Acc:HGNC:3719]","ENTREZGENE,GENECARDS,HGNC,UNIPROT_GN,WIKIGENE"
"FKBP5","ENSG00000096060","FKBP5","FKBP prolyl isomerase 5 [Source:HGNC Symbol;Acc:HGNC:3721]","ENTREZGENE,GENECARDS,HGNC,UNIPROT_GN,WIKIGENE"
"FKBP8","ENSG00000105701","FKBP8","FKBP prolyl isomerase 8 [Source:HGNC Symbol;Acc:HGNC:3724]","ENTREZGENE,GENECARDS,HGNC,UNIPROT_GN,WIKIGENE"
"FNTA","ENSG00000168522","FNTA","farnesyltransferase, CAAX box, alpha [Source:HGNC Symbol;Acc:HGNC:3782]","ENTREZGENE,GENECARDS,HGNC,UNIPROT_GN,WIKIGENE"
"FOS","ENSG00000170345","FOS","Fos proto-oncogene, AP-1 transcription factor subunit [Source:HGNC Symbol;Acc:HGNC:3796]","ENTREZGENE,GENECARDS,HGNC,UNIPROT_GN,WIKIGENE"
"FOXP1","ENSG00000114861","FOXP1","forkhead box P1 [Source:HGNC Symbol;Acc:HGNC:3823]","ENTREZGENE,GENECARDS,HGNC,UNIPROT_GN,WIKIGENE"
"FOXP1","ENSG00000285708","None","novel protein","ENTREZGENE,GENECARDS,HGNC,UNIPROT_GN,WIKIGENE"
"FPR1","ENSG00000171051","FPR1","formyl peptide receptor 1 [Source:HGNC Symbol;Acc:HGNC:3826]","ENTREZGENE,GENECARDS,HGNC,UNIPROT_GN,WIKIGENE"
"GADD45A","ENSG00000116717","GADD45A","growth arrest and DNA damage inducible alpha [Source:HGNC Symbol;Acc:HGNC:4095]","ENTREZGENE,GENECARDS,HGNC,UNIPROT_GN,WIKIGENE"
"GADD45G","ENSG00000130222","GADD45G","growth arrest and DNA damage inducible gamma [Source:HGNC Symbol;Acc:HGNC:4097]","ENTREZGENE,GENECARDS,HGNC,UNIPROT_GN,WIKIGENE"
"GANAB","ENSG00000089597","GANAB","glucosidase II alpha subunit [Source:HGNC Symbol;Acc:HGNC:4138]","ENTREZGENE,GENECARDS,HGNC,UNIPROT_GN,WIKIGENE"
"GDI2P1","ENSG00000229165","GDI2P1","GDP dissociation inhibitor 2 pseudogene 1 [Source:HGNC Symbol;Acc:HGNC:4228]","GENECARDS,HGNC"
"GFI1B","ENSG00000165702","GFI1B","growth factor independent 1B transcriptional repressor [Source:HGNC Symbol;Acc:HGNC:4238]","ENTREZGENE,GENECARDS,HGNC,UNIPROT_GN,WIKIGENE"
"GNB1","ENSG00000078369","GNB1","G protein subunit beta 1 [Source:HGNC Symbol;Acc:HGNC:4396]","ENTREZGENE,GENECARDS,HGNC,UNIPROT_GN,WIKIGENE"
"GNB2","ENSG00000172354","GNB2","G protein subunit beta 2 [Source:HGNC Symbol;Acc:HGNC:4398]","ENTREZGENE,GENECARDS,HGNC,UNIPROT_GN,WIKIGENE"
"GNB3","ENSG00000111664","GNB3","G protein subunit beta 3 [Source:HGNC Symbol;Acc:HGNC:4400]","ENTREZGENE,GENECARDS,HGNC,UNIPROT_GN,WIKIGENE"
"GNB5","ENSG00000069966","GNB5","G protein subunit beta 5 [Source:HGNC Symbol;Acc:HGNC:4401]","ENTREZGENE,GENECARDS,HGNC,UNIPROT_GN,WIKIGENE"
"GNG2","ENSG00000186469","GNG2","G protein subunit gamma 2 [Source:HGNC Symbol;Acc:HGNC:4404]","ENTREZGENE,GENECARDS,HGNC,UNIPROT_GN,WIKIGENE"
"GPHN","ENSG00000171723","GPHN","gephyrin [Source:HGNC Symbol;Acc:HGNC:15465]","ENTREZGENE,GENECARDS,HGNC,UNIPROT_GN,WIKIGENE"
"GPR17","ENSG00000144230","GPR17","G protein-coupled receptor 17 [Source:HGNC Symbol;Acc:HGNC:4471]","ENTREZGENE,GENECARDS,HGNC,UNIPROT_GN,WIKIGENE"
"GPR182","ENSG00000166856","GPR182","G protein-coupled receptor 182 [Source:HGNC Symbol;Acc:HGNC:13708]","ENTREZGENE,GENECARDS,HGNC,UNIPROT_GN,WIKIGENE"
"GPR45","ENSG00000135973","GPR45","G protein-coupled receptor 45 [Source:HGNC Symbol;Acc:HGNC:4503]","ENTREZGENE,GENECARDS,HGNC,UNIPROT_GN,WIKIGENE"
"GPR55","ENSG00000135898","GPR55","G protein-coupled receptor 55 [Source:HGNC Symbol;Acc:HGNC:4511]","ENTREZGENE,GENECARDS,HGNC,UNIPROT_GN,WIKIGENE"
"GRB7","ENSG00000141738","GRB7","growth factor receptor bound protein 7 [Source:HGNC Symbol;Acc:HGNC:4567]","ENTREZGENE,GENECARDS,HGNC,UNIPROT_GN,WIKIGENE"
"GSK3B","ENSG00000082701","GSK3B","glycogen synthase kinase 3 beta [Source:HGNC Symbol;Acc:HGNC:4617]","ENTREZGENE,GENECARDS,HGNC,UNIPROT_GN,WIKIGENE"
"GTF3C1","ENSG00000077235","GTF3C1","general transcription factor IIIC subunit 1 [Source:HGNC Symbol;Acc:HGNC:4664]","ENTREZGENE,GENECARDS,HGNC,UNIPROT_GN,WIKIGENE"
"GYPA","ENSG00000170180","GYPA","glycophorin A (MNS blood group) [Source:HGNC Symbol;Acc:HGNC:4702]","ENTREZGENE,GENECARDS,HGNC,UNIPROT_GN,WIKIGENE"
"H2AP","ENSG00000187516","H2AP","H2A.P histone [Source:HGNC Symbol;Acc:HGNC:18417]","ENTREZGENE,GENECARDS,HGNC,UNIPROT_GN,WIKIGENE"
"HCST","ENSG00000126264","HCST","hematopoietic cell signal transducer [Source:HGNC Symbol;Acc:HGNC:16977]","ENTREZGENE,GENECARDS,HGNC,UNIPROT_GN,WIKIGENE"
"HIF1A","ENSG00000100644","HIF1A","hypoxia inducible factor 1 subunit alpha [Source:HGNC Symbol;Acc:HGNC:4910]","ENTREZGENE,GENECARDS,HGNC,UNIPROT_GN,WIKIGENE"
"HLTF","ENSG00000071794","HLTF","helicase like transcription factor [Source:HGNC Symbol;Acc:HGNC:11099]","ENTREZGENE,GENECARDS,HGNC,UNIPROT_GN,WIKIGENE"
"HNRNPD","ENSG00000138668","HNRNPD","heterogeneous nuclear ribonucleoprotein D [Source:HGNC Symbol;Acc:HGNC:5036]","ENTREZGENE,GENECARDS,HGNC,UNIPROT_GN,WIKIGENE"
"HNRNPL","ENSG00000104824","HNRNPL","heterogeneous nuclear ribonucleoprotein L [Source:HGNC Symbol;Acc:HGNC:5045]","ENTREZGENE,GENECARDS,HGNC,UNIPROT_GN,WIKIGENE"
"HRAS","ENSG00000174775","HRAS","HRas proto-oncogene, GTPase [Source:HGNC Symbol;Acc:HGNC:5173]","ENTREZGENE,GENECARDS,HGNC,UNIPROT_GN,WIKIGENE"
"HSP90AA1","ENSG00000080824","HSP90AA1","heat shock protein 90 alpha family class A member 1 [Source:HGNC Symbol;Acc:HGNC:5253]","ENTREZGENE,GENECARDS,HGNC,UNIPROT_GN,WIKIGENE"
"HSP90AB1","ENSG00000096384","HSP90AB1","heat shock protein 90 alpha family class B member 1 [Source:HGNC Symbol;Acc:HGNC:5258]","ENTREZGENE,GENECARDS,HGNC,UNIPROT_GN,WIKIGENE"
"HSPA4","ENSG00000170606","HSPA4","heat shock protein family A (Hsp70) member 4 [Source:HGNC Symbol;Acc:HGNC:5237]","ENTREZGENE,GENECARDS,HGNC,UNIPROT_GN,WIKIGENE"
"HSPA8","ENSG00000109971","HSPA8","heat shock protein family A (Hsp70) member 8 [Source:HGNC Symbol;Acc:HGNC:5241]","ENTREZGENE,GENECARDS,HGNC,UNIPROT_GN,WIKIGENE"
"HSPB8","ENSG00000152137","HSPB8","heat shock protein family B (small) member 8 [Source:HGNC Symbol;Acc:HGNC:30171]","ENTREZGENE,GENECARDS,HGNC,UNIPROT_GN,WIKIGENE"
"HTR6","ENSG00000158748","HTR6","5-hydroxytryptamine receptor 6 [Source:HGNC Symbol;Acc:HGNC:5301]","ENTREZGENE,GENECARDS,HGNC,UNIPROT_GN,WIKIGENE"
"HTT","ENSG00000197386","HTT","huntingtin [Source:HGNC Symbol;Acc:HGNC:4851]","ENTREZGENE,GENECARDS,HGNC,UNIPROT_GN,WIKIGENE"
"IARS1","ENSG00000196305","IARS1","isoleucyl-tRNA synthetase 1 [Source:HGNC Symbol;Acc:HGNC:5330]","ENTREZGENE,GENECARDS,HGNC,UNIPROT_GN,WIKIGENE"
"IGF1R","ENSG00000140443","IGF1R","insulin like growth factor 1 receptor [Source:HGNC Symbol;Acc:HGNC:5465]","ENTREZGENE,GENECARDS,HGNC,UNIPROT_GN,WIKIGENE"
"IGHA1","ENSG00000211895","IGHA1","immunoglobulin heavy constant alpha 1 [Source:HGNC Symbol;Acc:HGNC:5478]","GENECARDS,HGNC,UNIPROT_GN"
"IGHM","ENSG00000211899","IGHM","immunoglobulin heavy constant mu [Source:HGNC Symbol;Acc:HGNC:5541]","GENECARDS,HGNC,UNIPROT_GN"
"IKBKB","ENSG00000104365","IKBKB","inhibitor of nuclear factor kappa B kinase subunit beta [Source:HGNC Symbol;Acc:HGNC:5960]","ENTREZGENE,GENECARDS,HGNC,UNIPROT_GN,WIKIGENE"
"IKBKG","ENSG00000269335","IKBKG","inhibitor of nuclear factor kappa B kinase regulatory subunit gamma [Source:HGNC Symbol;Acc:HGNC:5961]","ENTREZGENE,GENECARDS,HGNC,UNIPROT_GN,WIKIGENE"
"ILK","ENSG00000166333","ILK","integrin linked kinase [Source:HGNC Symbol;Acc:HGNC:6040]","ENTREZGENE,GENECARDS,HGNC,UNIPROT_GN,WIKIGENE"
"ILVBL","ENSG00000105135","ILVBL","ilvB acetolactate synthase like [Source:HGNC Symbol;Acc:HGNC:6041]","ENTREZGENE,GENECARDS,HGNC,UNIPROT_GN,WIKIGENE"
"IRS1","ENSG00000169047","IRS1","insulin receptor substrate 1 [Source:HGNC Symbol;Acc:HGNC:6125]","ENTREZGENE,GENECARDS,HGNC,UNIPROT_GN,WIKIGENE"
"IRS2","ENSG00000185950","IRS2","insulin receptor substrate 2 [Source:HGNC Symbol;Acc:HGNC:6126]","ENTREZGENE,GENECARDS,HGNC,UNIPROT_GN,WIKIGENE"
"ISLR","ENSG00000129009","ISLR","immunoglobulin superfamily containing leucine rich repeat [Source:HGNC Symbol;Acc:HGNC:6133]","ENTREZGENE,GENECARDS,HGNC,UNIPROT_GN,WIKIGENE"
"ITGB1","ENSG00000150093","ITGB1","integrin subunit beta 1 [Source:HGNC Symbol;Acc:HGNC:6153]","ENTREZGENE,GENECARDS,HGNC,UNIPROT_GN,WIKIGENE"
"JUN","ENSG00000177606","JUN","Jun proto-oncogene, AP-1 transcription factor subunit [Source:HGNC Symbol;Acc:HGNC:6204]","ENTREZGENE,GENECARDS,HGNC,UNIPROT_GN,WIKIGENE"
"JUNB","ENSG00000171223","JUNB","JunB proto-oncogene, AP-1 transcription factor subunit [Source:HGNC Symbol;Acc:HGNC:6205]","ENTREZGENE,GENECARDS,HGNC,UNIPROT_GN,WIKIGENE"
"KDM5C","ENSG00000126012","KDM5C","lysine demethylase 5C [Source:HGNC Symbol;Acc:HGNC:11114]","ENTREZGENE,GENECARDS,HGNC,UNIPROT_GN,WIKIGENE"
"KIF19","ENSG00000196169","KIF19","kinesin family member 19 [Source:HGNC Symbol;Acc:HGNC:26735]","ENTREZGENE,GENECARDS,HGNC,UNIPROT_GN,WIKIGENE"
"KLC2","ENSG00000174996","KLC2","kinesin light chain 2 [Source:HGNC Symbol;Acc:HGNC:20716]","ENTREZGENE,GENECARDS,HGNC,UNIPROT_GN,WIKIGENE"
"KLC4","ENSG00000137171","KLC4","kinesin light chain 4 [Source:HGNC Symbol;Acc:HGNC:21624]","ENTREZGENE,GENECARDS,HGNC,UNIPROT_GN,WIKIGENE"
"KPNA2","ENSG00000182481","KPNA2","karyopherin subunit alpha 2 [Source:HGNC Symbol;Acc:HGNC:6395]","ENTREZGENE,GENECARDS,HGNC,UNIPROT_GN,WIKIGENE"
"KRAS","ENSG00000133703","KRAS","KRAS proto-oncogene, GTPase [Source:HGNC Symbol;Acc:HGNC:6407]","ENTREZGENE,GENECARDS,HGNC,UNIPROT_GN,WIKIGENE"
"LAMP1","ENSG00000185896","LAMP1","lysosomal associated membrane protein 1 [Source:HGNC Symbol;Acc:HGNC:6499]","ENTREZGENE,GENECARDS,HGNC,UNIPROT_GN,WIKIGENE"
"LAMP2","ENSG00000005893","LAMP2","lysosomal associated membrane protein 2 [Source:HGNC Symbol;Acc:HGNC:6501]","ENTREZGENE,GENECARDS,HGNC,UNIPROT_GN,WIKIGENE"
"LAMTOR2","ENSG00000116586","LAMTOR2","late endosomal/lysosomal adaptor, MAPK and MTOR activator 2 [Source:HGNC Symbol;Acc:HGNC:29796]","ENTREZGENE,GENECARDS,HGNC,UNIPROT_GN,WIKIGENE"
"LANCL2","ENSG00000132434","LANCL2","LanC like glutathione S-transferase 2 [Source:HGNC Symbol;Acc:HGNC:6509]","ENTREZGENE,GENECARDS,HGNC,UNIPROT_GN,WIKIGENE"
"LARP1","ENSG00000155506","LARP1","La ribonucleoprotein 1, translational regulator [Source:HGNC Symbol;Acc:HGNC:29531]","ENTREZGENE,GENECARDS,HGNC,UNIPROT_GN,WIKIGENE"
"LARS1","ENSG00000133706","LARS1","leucyl-tRNA synthetase 1 [Source:HGNC Symbol;Acc:HGNC:6512]","ENTREZGENE,GENECARDS,HGNC,UNIPROT_GN,WIKIGENE"
"LEFTY1","ENSG00000243709","LEFTY1","left-right determination factor 1 [Source:HGNC Symbol;Acc:HGNC:6552]","ENTREZGENE,GENECARDS,HGNC,UNIPROT_GN,WIKIGENE"
"LLGL2","ENSG00000073350","LLGL2","LLGL scribble cell polarity complex component 2 [Source:HGNC Symbol;Acc:HGNC:6629]","ENTREZGENE,GENECARDS,HGNC,UNIPROT_GN,WIKIGENE"
"LMBR1L","ENSG00000139636","LMBR1L","limb development membrane protein 1 like [Source:HGNC Symbol;Acc:HGNC:18268]","ENTREZGENE,GENECARDS,HGNC,UNIPROT_GN,WIKIGENE"
"LNPK","ENSG00000144320","LNPK","lunapark, ER junction formation factor [Source:HGNC Symbol;Acc:HGNC:21610]","ENTREZGENE,GENECARDS,HGNC,UNIPROT_GN,WIKIGENE"
"LRPAP1","ENSG00000163956","LRPAP1","LDL receptor related protein associated protein 1 [Source:HGNC Symbol;Acc:HGNC:6701]","ENTREZGENE,GENECARDS,HGNC,UNIPROT_GN,WIKIGENE"
"LRRC25","ENSG00000175489","LRRC25","leucine rich repeat containing 25 [Source:HGNC Symbol;Acc:HGNC:29806]","ENTREZGENE,GENECARDS,HGNC,UNIPROT_GN,WIKIGENE"
"LRRC31","ENSG00000114248","LRRC31","leucine rich repeat containing 31 [Source:HGNC Symbol;Acc:HGNC:26261]","ENTREZGENE,GENECARDS,HGNC,UNIPROT_GN,WIKIGENE"
"LTF","ENSG00000012223","LTF","lactotransferrin [Source:HGNC Symbol;Acc:HGNC:6720]","ENTREZGENE,GENECARDS,HGNC,UNIPROT_GN,WIKIGENE"
"LYPD3","ENSG00000124466","LYPD3","LY6/PLAUR domain containing 3 [Source:HGNC Symbol;Acc:HGNC:24880]","ENTREZGENE,GENECARDS,HGNC,UNIPROT_GN,WIKIGENE"
"MAF1","ENSG00000179632","MAF1","MAF1 homolog, negative regulator of RNA polymerase III [Source:HGNC Symbol;Acc:HGNC:24966]","ENTREZGENE,GENECARDS,HGNC,UNIPROT_GN,WIKIGENE"
"MAGEA1","ENSG00000198681","MAGEA1","MAGE family member A1 [Source:HGNC Symbol;Acc:HGNC:6796]","ENTREZGENE,GENECARDS,HGNC,UNIPROT_GN,WIKIGENE"
"MAL2","ENSG00000147676","MAL2","mal, T cell differentiation protein 2 [Source:HGNC Symbol;Acc:HGNC:13634]","ENTREZGENE,GENECARDS,HGNC,UNIPROT_GN,WIKIGENE"
"MAP2K1","ENSG00000169032","MAP2K1","mitogen-activated protein kinase kinase 1 [Source:HGNC Symbol;Acc:HGNC:6840]","ENTREZGENE,GENECARDS,HGNC,UNIPROT_GN,WIKIGENE"
"MAP3K12","ENSG00000139625","MAP3K12","mitogen-activated protein kinase kinase kinase 12 [Source:HGNC Symbol;Acc:HGNC:6851]","ENTREZGENE,GENECARDS,HGNC,UNIPROT_GN,WIKIGENE"
"MAP3K3","ENSG00000198909","MAP3K3","mitogen-activated protein kinase kinase kinase 3 [Source:HGNC Symbol;Acc:HGNC:6855]","ENTREZGENE,GENECARDS,HGNC,UNIPROT_GN,WIKIGENE"
"MAPK1","ENSG00000100030","MAPK1","mitogen-activated protein kinase 1 [Source:HGNC Symbol;Acc:HGNC:6871]","ENTREZGENE,GENECARDS,HGNC,UNIPROT_GN,WIKIGENE"
"MAPK7","ENSG00000166484","MAPK7","mitogen-activated protein kinase 7 [Source:HGNC Symbol;Acc:HGNC:6880]","ENTREZGENE,GENECARDS,HGNC,UNIPROT_GN,WIKIGENE"
"MAPK8","ENSG00000107643","MAPK8","mitogen-activated protein kinase 8 [Source:HGNC Symbol;Acc:HGNC:6881]","ENTREZGENE,GENECARDS,HGNC,UNIPROT_GN,WIKIGENE"
"MAPKAP1","ENSG00000119487","MAPKAP1","MAPK associated protein 1 [Source:HGNC Symbol;Acc:HGNC:18752]","ENTREZGENE,GENECARDS,HGNC,UNIPROT_GN,WIKIGENE"
"MAPT","ENSG00000186868","MAPT","microtubule associated protein tau [Source:HGNC Symbol;Acc:HGNC:6893]","ENTREZGENE,GENECARDS,HGNC,UNIPROT_GN,WIKIGENE"
"MAX","ENSG00000125952","MAX","MYC associated factor X [Source:HGNC Symbol;Acc:HGNC:6913]","ENTREZGENE,GENECARDS,HGNC,UNIPROT_GN,WIKIGENE"
"MCAM","ENSG00000076706","MCAM","melanoma cell adhesion molecule [Source:HGNC Symbol;Acc:HGNC:6934]","ENTREZGENE,GENECARDS,HGNC,UNIPROT_GN,WIKIGENE"
"MDM4","ENSG00000198625","MDM4","MDM4 regulator of p53 [Source:HGNC Symbol;Acc:HGNC:6974]","ENTREZGENE,GENECARDS,HGNC,UNIPROT_GN,WIKIGENE"
"METAP2","ENSG00000111142","METAP2","methionyl aminopeptidase 2 [Source:HGNC Symbol;Acc:HGNC:16672]","ENTREZGENE,GENECARDS,HGNC,UNIPROT_GN,WIKIGENE"
"MFSD4A","ENSG00000174514","MFSD4A","major facilitator superfamily domain containing 4A [Source:HGNC Symbol;Acc:HGNC:25433]","ENTREZGENE,GENECARDS,HGNC,UNIPROT_GN,WIKIGENE"
"MICA","ENSG00000204520","MICA","MHC class I polypeptide-related sequence A [Source:HGNC Symbol;Acc:HGNC:7090]","ENTREZGENE,GENECARDS,HGNC,UNIPROT_GN,WIKIGENE"
"MKRN2","ENSG00000075975","MKRN2","makorin ring finger protein 2 [Source:HGNC Symbol;Acc:HGNC:7113]","ENTREZGENE,GENECARDS,HGNC,UNIPROT_GN,WIKIGENE"
"MLLT3","ENSG00000171843","MLLT3","MLLT3 super elongation complex subunit [Source:HGNC Symbol;Acc:HGNC:7136]","ENTREZGENE,GENECARDS,HGNC,UNIPROT_GN,WIKIGENE"
"MLST8","ENSG00000167965","MLST8","MTOR associated protein, LST8 homolog [Source:HGNC Symbol;Acc:HGNC:24825]","ENTREZGENE,GENECARDS,HGNC,UNIPROT_GN,WIKIGENE"
"MLXIP","ENSG00000175727","MLXIP","MLX interacting protein [Source:HGNC Symbol;Acc:HGNC:17055]","ENTREZGENE,GENECARDS,HGNC,UNIPROT_GN,WIKIGENE"
"MLXIPL","ENSG00000009950","MLXIPL","MLX interacting protein like [Source:HGNC Symbol;Acc:HGNC:12744]","ENTREZGENE,GENECARDS,HGNC,UNIPROT_GN,WIKIGENE"
"MOV10","ENSG00000155363","MOV10","Mov10 RISC complex RNA helicase [Source:HGNC Symbol;Acc:HGNC:7200]","ENTREZGENE,GENECARDS,HGNC,UNIPROT_GN,WIKIGENE"
"MRPL13","ENSG00000172172","MRPL13","mitochondrial ribosomal protein L13 [Source:HGNC Symbol;Acc:HGNC:14278]","ENTREZGENE,GENECARDS,HGNC,UNIPROT_GN,WIKIGENE"
"MRPL19","ENSG00000115364","MRPL19","mitochondrial ribosomal protein L19 [Source:HGNC Symbol;Acc:HGNC:14052]","ENTREZGENE,GENECARDS,HGNC,UNIPROT_GN,WIKIGENE"
"MRPS5","ENSG00000144029","MRPS5","mitochondrial ribosomal protein S5 [Source:HGNC Symbol;Acc:HGNC:14498]","ENTREZGENE,GENECARDS,HGNC,UNIPROT_GN,WIKIGENE"
"MTA2","ENSG00000149480","MTA2","metastasis associated 1 family member 2 [Source:HGNC Symbol;Acc:HGNC:7411]","ENTREZGENE,GENECARDS,HGNC,UNIPROT_GN,WIKIGENE"
"MTMR3","ENSG00000100330","MTMR3","myotubularin related protein 3 [Source:HGNC Symbol;Acc:HGNC:7451]","ENTREZGENE,GENECARDS,HGNC,UNIPROT_GN,WIKIGENE"
"MTOR","ENSG00000198793","MTOR","mechanistic target of rapamycin kinase [Source:HGNC Symbol;Acc:HGNC:3942]","ENTREZGENE,GENECARDS,HGNC,UNIPROT_GN,WIKIGENE"
"MYH14","ENSG00000105357","MYH14","myosin heavy chain 14 [Source:HGNC Symbol;Acc:HGNC:23212]","ENTREZGENE,GENECARDS,HGNC,UNIPROT_GN,WIKIGENE"
"NAF1","ENSG00000145414","NAF1","nuclear assembly factor 1 ribonucleoprotein [Source:HGNC Symbol;Acc:HGNC:25126]","ENTREZGENE,GENECARDS,HGNC,UNIPROT_GN,WIKIGENE"
"NBN","ENSG00000104320","NBN","nibrin [Source:HGNC Symbol;Acc:HGNC:7652]","ENTREZGENE,GENECARDS,HGNC,UNIPROT_GN,WIKIGENE"
"NCBP1","ENSG00000136937","NCBP1","nuclear cap binding protein subunit 1 [Source:HGNC Symbol;Acc:HGNC:7658]","ENTREZGENE,GENECARDS,HGNC,UNIPROT_GN,WIKIGENE"
"NDRG1","ENSG00000104419","NDRG1","N-myc downstream regulated 1 [Source:HGNC Symbol;Acc:HGNC:7679]","ENTREZGENE,GENECARDS,HGNC,UNIPROT_GN,WIKIGENE"
"NDRG4","ENSG00000103034","NDRG4","NDRG family member 4 [Source:HGNC Symbol;Acc:HGNC:14466]","ENTREZGENE,GENECARDS,HGNC,UNIPROT_GN,WIKIGENE"
"NDUFA8","ENSG00000119421","NDUFA8","NADH:ubiquinone oxidoreductase subunit A8 [Source:HGNC Symbol;Acc:HGNC:7692]","ENTREZGENE,GENECARDS,HGNC,UNIPROT_GN,WIKIGENE"
"NDUFA9","ENSG00000139180","NDUFA9","NADH:ubiquinone oxidoreductase subunit A9 [Source:HGNC Symbol;Acc:HGNC:7693]","ENTREZGENE,GENECARDS,HGNC,UNIPROT_GN,WIKIGENE"
"NDUFB2","ENSG00000090266","NDUFB2","NADH:ubiquinone oxidoreductase subunit B2 [Source:HGNC Symbol;Acc:HGNC:7697]","ENTREZGENE,GENECARDS,HGNC,UNIPROT_GN,WIKIGENE"
"NEDD4","ENSG00000069869","NEDD4","NEDD4 E3 ubiquitin protein ligase [Source:HGNC Symbol;Acc:HGNC:7727]","ENTREZGENE,GENECARDS,HGNC,UNIPROT_GN,WIKIGENE"
"NEDD4L","ENSG00000049759","NEDD4L","NEDD4 like E3 ubiquitin protein ligase [Source:HGNC Symbol;Acc:HGNC:7728]","ENTREZGENE,GENECARDS,HGNC,UNIPROT_GN,WIKIGENE"
"NFAT5","ENSG00000102908","NFAT5","nuclear factor of activated T cells 5 [Source:HGNC Symbol;Acc:HGNC:7774]","ENTREZGENE,GENECARDS,HGNC,UNIPROT_GN,WIKIGENE"
"NFE2L2","ENSG00000116044","NFE2L2","NFE2 like bZIP transcription factor 2 [Source:HGNC Symbol;Acc:HGNC:7782]","ENTREZGENE,GENECARDS,HGNC,UNIPROT_GN,WIKIGENE"
"NFKBIA","ENSG00000100906","NFKBIA","NFKB inhibitor alpha [Source:HGNC Symbol;Acc:HGNC:7797]","ENTREZGENE,GENECARDS,HGNC,UNIPROT_GN,WIKIGENE"
"NPTN","ENSG00000156642","NPTN","neuroplastin [Source:HGNC Symbol;Acc:HGNC:17867]","ENTREZGENE,GENECARDS,HGNC,UNIPROT_GN,WIKIGENE"
"NPY2R","ENSG00000185149","NPY2R","neuropeptide Y receptor Y2 [Source:HGNC Symbol;Acc:HGNC:7957]","ENTREZGENE,GENECARDS,HGNC,UNIPROT_GN,WIKIGENE"
"NRAS","ENSG00000213281","NRAS","NRAS proto-oncogene, GTPase [Source:HGNC Symbol;Acc:HGNC:7989]","ENTREZGENE,GENECARDS,HGNC,UNIPROT_GN,WIKIGENE"
"NT5E","ENSG00000135318","NT5E","5'-nucleotidase ecto [Source:HGNC Symbol;Acc:HGNC:8021]","ENTREZGENE,GENECARDS,HGNC,UNIPROT_GN,WIKIGENE"
"NTRK3","ENSG00000140538","NTRK3","neurotrophic receptor tyrosine kinase 3 [Source:HGNC Symbol;Acc:HGNC:8033]","ENTREZGENE,GENECARDS,HGNC,UNIPROT_GN,WIKIGENE"
"NUMB","ENSG00000133961","NUMB","NUMB endocytic adaptor protein [Source:HGNC Symbol;Acc:HGNC:8060]","ENTREZGENE,GENECARDS,HGNC,UNIPROT_GN,WIKIGENE"
"NXF1","ENSG00000162231","NXF1","nuclear RNA export factor 1 [Source:HGNC Symbol;Acc:HGNC:8071]","ENTREZGENE,GENECARDS,HGNC,UNIPROT_GN,WIKIGENE"
"OPALIN","ENSG00000197430","OPALIN","oligodendrocytic myelin paranodal and inner loop protein [Source:HGNC Symbol;Acc:HGNC:20707]","ENTREZGENE,GENECARDS,HGNC,UNIPROT_GN,WIKIGENE"
"P2RY6","ENSG00000171631","P2RY6","pyrimidinergic receptor P2Y6 [Source:HGNC Symbol;Acc:HGNC:8543]","ENTREZGENE,GENECARDS,HGNC,UNIPROT_GN,WIKIGENE"
"P2RY8","ENSG00000182162","P2RY8","P2Y receptor family member 8 [Source:HGNC Symbol;Acc:HGNC:15524]","ENTREZGENE,GENECARDS,HGNC,UNIPROT_GN,WIKIGENE"
"P2RY8","ENSG00000292333","P2RY8","P2Y receptor family member 8 [Source:HGNC Symbol;Acc:HGNC:15524]","ENTREZGENE,GENECARDS,HGNC,UNIPROT_GN,WIKIGENE"
"PA2G4","ENSG00000170515","PA2G4","proliferation-associated 2G4 [Source:HGNC Symbol;Acc:HGNC:8550]","ENTREZGENE,GENECARDS,HGNC,UNIPROT_GN,WIKIGENE"
"PACC1","ENSG00000065600","PACC1","proton activated chloride channel 1 [Source:HGNC Symbol;Acc:HGNC:25593]","ENTREZGENE,GENECARDS,HGNC,UNIPROT_GN,WIKIGENE"
"PARK2","ENSG00000185345","PRKN","parkin RBR E3 ubiquitin protein ligase [Source:HGNC Symbol;Acc:HGNC:8607]","UNIPROT_GN"
"PARP1","ENSG00000143799","PARP1","poly(ADP-ribose) polymerase 1 [Source:HGNC Symbol;Acc:HGNC:270]","ENTREZGENE,GENECARDS,HGNC,UNIPROT_GN,WIKIGENE"
"PCCA","ENSG00000175198","PCCA","propionyl-CoA carboxylase subunit alpha [Source:HGNC Symbol;Acc:HGNC:8653]","ENTREZGENE,GENECARDS,HGNC,UNIPROT_GN,WIKIGENE"
"PCNA","ENSG00000132646","PCNA","proliferating cell nuclear antigen [Source:HGNC Symbol;Acc:HGNC:8729]","ENTREZGENE,GENECARDS,HGNC,UNIPROT_GN,WIKIGENE"
"PDGFRA","ENSG00000134853","PDGFRA","platelet derived growth factor receptor alpha [Source:HGNC Symbol;Acc:HGNC:8803]","ENTREZGENE,GENECARDS,HGNC,UNIPROT_GN,WIKIGENE"
"PDIA3","ENSG00000167004","PDIA3","protein disulfide isomerase family A member 3 [Source:HGNC Symbol;Acc:HGNC:4606]","ENTREZGENE,GENECARDS,HGNC,UNIPROT_GN,WIKIGENE"
"PDK1","ENSG00000152256","PDK1","pyruvate dehydrogenase kinase 1 [Source:HGNC Symbol;Acc:HGNC:8809]","ENTREZGENE,GENECARDS,HGNC,UNIPROT_GN,WIKIGENE"
"PDPK1","ENSG00000140992","PDPK1","3-phosphoinositide dependent protein kinase 1 [Source:HGNC Symbol;Acc:HGNC:8816]","ENTREZGENE,GENECARDS,HGNC,UNIPROT_GN,WIKIGENE"
"PGRMC1","ENSG00000101856","PGRMC1","progesterone receptor membrane component 1 [Source:HGNC Symbol;Acc:HGNC:16090]","ENTREZGENE,GENECARDS,HGNC,UNIPROT_GN,WIKIGENE"
"PHOSPHO1","ENSG00000173868","PHOSPHO1","phosphoethanolamine/phosphocholine phosphatase 1 [Source:HGNC Symbol;Acc:HGNC:16815]","ENTREZGENE,GENECARDS,HGNC,UNIPROT_GN,WIKIGENE"
"PIGR","ENSG00000162896","PIGR","polymeric immunoglobulin receptor [Source:HGNC Symbol;Acc:HGNC:8968]","ENTREZGENE,GENECARDS,HGNC,UNIPROT_GN,WIKIGENE"
"PIH1D1","ENSG00000104872","PIH1D1","PIH1 domain containing 1 [Source:HGNC Symbol;Acc:HGNC:26075]","ENTREZGENE,GENECARDS,HGNC,UNIPROT_GN,WIKIGENE"
"PIK3C3","ENSG00000078142","PIK3C3","phosphatidylinositol 3-kinase catalytic subunit type 3 [Source:HGNC Symbol;Acc:HGNC:8974]","ENTREZGENE,GENECARDS,HGNC,UNIPROT_GN,WIKIGENE"
"PIK3CA","ENSG00000121879","PIK3CA","phosphatidylinositol-4,5-bisphosphate 3-kinase catalytic subunit alpha [Source:HGNC Symbol;Acc:HGNC:8975]","ENTREZGENE,GENECARDS,HGNC,UNIPROT_GN,WIKIGENE"
"PIK3R4","ENSG00000196455","PIK3R4","phosphoinositide-3-kinase regulatory subunit 4 [Source:HGNC Symbol;Acc:HGNC:8982]","ENTREZGENE,GENECARDS,HGNC,UNIPROT_GN,WIKIGENE"
"PIN1","ENSG00000127445","PIN1","peptidylprolyl cis/trans isomerase, NIMA-interacting 1 [Source:HGNC Symbol;Acc:HGNC:8988]","ENTREZGENE,GENECARDS,HGNC,UNIPROT_GN,WIKIGENE"
"PJA2","ENSG00000198961","PJA2","praja ring finger ubiquitin ligase 2 [Source:HGNC Symbol;Acc:HGNC:17481]","ENTREZGENE,GENECARDS,HGNC,UNIPROT_GN,WIKIGENE"
"PLD2","ENSG00000129219","PLD2","phospholipase D2 [Source:HGNC Symbol;Acc:HGNC:9068]","ENTREZGENE,GENECARDS,HGNC,UNIPROT_GN,WIKIGENE"
"PLEKHA4","ENSG00000105559","PLEKHA4","pleckstrin homology domain containing A4 [Source:HGNC Symbol;Acc:HGNC:14339]","ENTREZGENE,GENECARDS,HGNC,UNIPROT_GN,WIKIGENE"
"PLEKHM1","ENSG00000225190","PLEKHM1","pleckstrin homology and RUN domain containing M1 [Source:HGNC Symbol;Acc:HGNC:29017]","ENTREZGENE,GENECARDS,HGNC,UNIPROT_GN,WIKIGENE"
"PLK1","ENSG00000166851","PLK1","polo like kinase 1 [Source:HGNC Symbol;Acc:HGNC:9077]","ENTREZGENE,GENECARDS,HGNC,UNIPROT_GN,WIKIGENE"
"PML","ENSG00000140464","PML","PML nuclear body scaffold [Source:HGNC Symbol;Acc:HGNC:9113]","ENTREZGENE,GENECARDS,HGNC,UNIPROT_GN,WIKIGENE"
"PPP2CA","ENSG00000113575","PPP2CA","protein phosphatase 2 catalytic subunit alpha [Source:HGNC Symbol;Acc:HGNC:9299]","ENTREZGENE,GENECARDS,HGNC,UNIPROT_GN,WIKIGENE"
"PPP2R2A","ENSG00000221914","PPP2R2A","protein phosphatase 2 regulatory subunit Balpha [Source:HGNC Symbol;Acc:HGNC:9304]","ENTREZGENE,GENECARDS,HGNC,UNIPROT_GN,WIKIGENE"
"PPP4R3A","ENSG00000100796","PPP4R3A","protein phosphatase 4 regulatory subunit 3A [Source:HGNC Symbol;Acc:HGNC:20219]","ENTREZGENE,GENECARDS,HGNC,UNIPROT_GN,WIKIGENE"
"PREX1","ENSG00000124126","PREX1","phosphatidylinositol-3,4,5-trisphosphate dependent Rac exchange factor 1 [Source:HGNC Symbol;Acc:HGNC:32594]","ENTREZGENE,GENECARDS,HGNC,UNIPROT_GN,WIKIGENE"
"PREX2","ENSG00000046889","PREX2","phosphatidylinositol-3,4,5-trisphosphate dependent Rac exchange factor 2 [Source:HGNC Symbol;Acc:HGNC:22950]","ENTREZGENE,GENECARDS,HGNC,UNIPROT_GN,WIKIGENE"
"PRKAA1","ENSG00000132356","PRKAA1","protein kinase AMP-activated catalytic subunit alpha 1 [Source:HGNC Symbol;Acc:HGNC:9376]","ENTREZGENE,GENECARDS,HGNC,UNIPROT_GN,WIKIGENE"
"PRKACA","ENSG00000072062","PRKACA","protein kinase cAMP-activated catalytic subunit alpha [Source:HGNC Symbol;Acc:HGNC:9380]","ENTREZGENE,GENECARDS,HGNC,UNIPROT_GN,WIKIGENE"
"PRKAR1A","ENSG00000108946","PRKAR1A","protein kinase cAMP-dependent type I regulatory subunit alpha [Source:HGNC Symbol;Acc:HGNC:9388]","ENTREZGENE,GENECARDS,HGNC,UNIPROT_GN,WIKIGENE"
"PRKCA","ENSG00000154229","PRKCA","protein kinase C alpha [Source:HGNC Symbol;Acc:HGNC:9393]","ENTREZGENE,GENECARDS,HGNC,UNIPROT_GN,WIKIGENE"
"PRKCD","ENSG00000163932","PRKCD","protein kinase C delta [Source:HGNC Symbol;Acc:HGNC:9399]","ENTREZGENE,GENECARDS,HGNC,UNIPROT_GN,WIKIGENE"
"PRKDC","ENSG00000253729","PRKDC","protein kinase, DNA-activated, catalytic subunit [Source:HGNC Symbol;Acc:HGNC:9413]","ENTREZGENE,GENECARDS,HGNC,UNIPROT_GN,WIKIGENE"
"PRR5","ENSG00000186654","PRR5","proline rich 5 [Source:HGNC Symbol;Acc:HGNC:31682]","ENTREZGENE,GENECARDS,HGNC,UNIPROT_GN,WIKIGENE"
"PRR5L","ENSG00000135362","PRR5L","proline rich 5 like [Source:HGNC Symbol;Acc:HGNC:25878]","ENTREZGENE,GENECARDS,HGNC,UNIPROT_GN,WIKIGENE"
"PSMC5","ENSG00000087191","PSMC5","proteasome 26S subunit, ATPase 5 [Source:HGNC Symbol;Acc:HGNC:9552]","ENTREZGENE,GENECARDS,HGNC,UNIPROT_GN,WIKIGENE"
"PSMC6","ENSG00000100519","PSMC6","proteasome 26S subunit, ATPase 6 [Source:HGNC Symbol;Acc:HGNC:9553]","ENTREZGENE,GENECARDS,HGNC,UNIPROT_GN,WIKIGENE"
"PSMD14","ENSG00000115233","PSMD14","proteasome 26S subunit, non-ATPase 14 [Source:HGNC Symbol;Acc:HGNC:16889]","ENTREZGENE,GENECARDS,HGNC,UNIPROT_GN,WIKIGENE"
"PTEN","ENSG00000171862","PTEN","phosphatase and tensin homolog [Source:HGNC Symbol;Acc:HGNC:9588]","DBASS5,ENTREZGENE,GENECARDS,HGNC,UNIPROT_GN,WIKIGENE"
"RAB1A","ENSG00000138069","RAB1A","RAB1A, member RAS oncogene family [Source:HGNC Symbol;Acc:HGNC:9758]","ENTREZGENE,GENECARDS,HGNC,UNIPROT_GN,WIKIGENE"
"RABAC1","ENSG00000105404","RABAC1","Rab acceptor 1 [Source:HGNC Symbol;Acc:HGNC:9794]","ENTREZGENE,GENECARDS,HGNC,UNIPROT_GN,WIKIGENE"
"RABAC1","ENSG00000105404","RABAC1","Rab acceptor 1 [Source:HGNC Symbol;Acc:HGNC:9794]","ENTREZGENE,GENECARDS,HGNC,UNIPROT_GN,WIKIGENE"
"RABGGTB","ENSG00000137955","RABGGTB","Rab geranylgeranyltransferase subunit beta [Source:HGNC Symbol;Acc:HGNC:9796]","ENTREZGENE,GENECARDS,HGNC,UNIPROT_GN,WIKIGENE"
"RAC1","ENSG00000129538","RNASE1","ribonuclease A family member 1, pancreatic [Source:HGNC Symbol;Acc:HGNC:10044]","ENTREZGENE,GENECARDS,HGNC,UNIPROT_GN,WIKIGENE"
"RAC1","ENSG00000136238","RAC1","Rac family small GTPase 1 [Source:HGNC Symbol;Acc:HGNC:9801]","ENTREZGENE,GENECARDS,HGNC,UNIPROT_GN,WIKIGENE"
"RAC2","ENSG00000128340","RAC2","Rac family small GTPase 2 [Source:HGNC Symbol;Acc:HGNC:9802]","ENTREZGENE,GENECARDS,HGNC,UNIPROT_GN,WIKIGENE"
"RAF1","ENSG00000132155","RAF1","Raf-1 proto-oncogene, serine/threonine kinase [Source:HGNC Symbol;Acc:HGNC:9829]","ENTREZGENE,GENECARDS,HGNC,UNIPROT_GN,WIKIGENE"
"RAP1A","ENSG00000116473","RAP1A","RAP1A, member of RAS oncogene family [Source:HGNC Symbol;Acc:HGNC:9855]","ENTREZGENE,GENECARDS,HGNC,UNIPROT_GN,WIKIGENE"
"RAP2A","ENSG00000125249","RAP2A","RAP2A, member of RAS oncogene family [Source:HGNC Symbol;Acc:HGNC:9861]","ENTREZGENE,GENECARDS,HGNC,UNIPROT_GN,WIKIGENE"
"RHEB","ENSG00000106615","RHEB","Ras homolog, mTORC1 binding [Source:HGNC Symbol;Acc:HGNC:10011]","ENTREZGENE,GENECARDS,HGNC,UNIPROT_GN,WIKIGENE"
"RHEB","ENSG00000106615","RHEB","Ras homolog, mTORC1 binding [Source:HGNC Symbol;Acc:HGNC:10011]","ENTREZGENE,GENECARDS,HGNC,UNIPROT_GN,WIKIGENE"
"RHEBL1","ENSG00000167550","RHEBL1","RHEB like 1 [Source:HGNC Symbol;Acc:HGNC:21166]","ENTREZGENE,GENECARDS,HGNC,UNIPROT_GN,WIKIGENE"
"RHOD","ENSG00000173156","RHOD","ras homolog family member D [Source:HGNC Symbol;Acc:HGNC:670]","ENTREZGENE,GENECARDS,HGNC,UNIPROT_GN,WIKIGENE"
"RHOF","ENSG00000139725","RHOF","ras homolog family member F, filopodia associated [Source:HGNC Symbol;Acc:HGNC:15703]","ENTREZGENE,GENECARDS,HGNC,UNIPROT_GN,WIKIGENE"
"RHOG","ENSG00000177105","RHOG","ras homolog family member G [Source:HGNC Symbol;Acc:HGNC:672]","ENTREZGENE,GENECARDS,HGNC,UNIPROT_GN,WIKIGENE"
"RHOH","ENSG00000168421","RHOH","ras homolog family member H [Source:HGNC Symbol;Acc:HGNC:686]","ENTREZGENE,GENECARDS,HGNC,UNIPROT_GN,WIKIGENE"
"RHOJ","ENSG00000126785","RHOJ","ras homolog family member J [Source:HGNC Symbol;Acc:HGNC:688]","ENTREZGENE,GENECARDS,HGNC,UNIPROT_GN,WIKIGENE"
"RHOQ","ENSG00000119729","RHOQ","ras homolog family member Q [Source:HGNC Symbol;Acc:HGNC:17736]","ENTREZGENE,GENECARDS,HGNC,UNIPROT_GN,WIKIGENE"
"RHOV","ENSG00000104140","RHOV","ras homolog family member V [Source:HGNC Symbol;Acc:HGNC:18313]","ENTREZGENE,GENECARDS,HGNC,UNIPROT_GN,WIKIGENE"
"RICTOR","ENSG00000164327","RICTOR","RPTOR independent companion of MTOR complex 2 [Source:HGNC Symbol;Acc:HGNC:28611]","ENTREZGENE,GENECARDS,HGNC,UNIPROT_GN,WIKIGENE"
"RIGI","ENSG00000107201","RIGI","RNA sensor RIG-I [Source:HGNC Symbol;Acc:HGNC:19102]","ENTREZGENE,GENECARDS,HGNC,UNIPROT_GN,WIKIGENE"
"RND1","ENSG00000172602","RND1","Rho family GTPase 1 [Source:HGNC Symbol;Acc:HGNC:18314]","ENTREZGENE,GENECARDS,HGNC,UNIPROT_GN,WIKIGENE"
"RNF126","ENSG00000070423","RNF126","ring finger protein 126 [Source:HGNC Symbol;Acc:HGNC:21151]","ENTREZGENE,GENECARDS,HGNC,UNIPROT_GN,WIKIGENE"
"RP2","ENSG00000102218","RP2","RP2 activator of ARL3 GTPase [Source:HGNC Symbol;Acc:HGNC:10274]","ENTREZGENE,GENECARDS,HGNC,UNIPROT_GN,WIKIGENE"
"RPA1","ENSG00000132383","RPA1","replication protein A1 [Source:HGNC Symbol;Acc:HGNC:10289]","ENTREZGENE,GENECARDS,HGNC,UNIPROT_GN,WIKIGENE"
"RPA2","ENSG00000117748","RPA2","replication protein A2 [Source:HGNC Symbol;Acc:HGNC:10290]","ENTREZGENE,GENECARDS,HGNC,UNIPROT_GN,WIKIGENE"
"RPA3","ENSG00000106399","RPA3","replication protein A3 [Source:HGNC Symbol;Acc:HGNC:10291]","ENTREZGENE,GENECARDS,HGNC,UNIPROT_GN,WIKIGENE"
"RPA4","ENSG00000204086","RPA4","replication protein A4 [Source:HGNC Symbol;Acc:HGNC:30305]","ENTREZGENE,GENECARDS,HGNC,UNIPROT_GN,WIKIGENE"
"RPL23","ENSG00000125691","RPL23","ribosomal protein L23 [Source:HGNC Symbol;Acc:HGNC:10316]","ENTREZGENE,GENECARDS,HGNC,UNIPROT_GN,WIKIGENE"
"RPL23A","ENSG00000198242","RPL23A","ribosomal protein L23a [Source:HGNC Symbol;Acc:HGNC:10317]","ENTREZGENE,GENECARDS,HGNC,UNIPROT_GN,WIKIGENE"
"RPL26","ENSG00000161970","RPL26","ribosomal protein L26 [Source:HGNC Symbol;Acc:HGNC:10327]","ENTREZGENE,GENECARDS,HGNC,UNIPROT_GN,WIKIGENE"
"RPL5","ENSG00000122406","RPL5","ribosomal protein L5 [Source:HGNC Symbol;Acc:HGNC:10360]","ENTREZGENE,GENECARDS,HGNC,UNIPROT_GN,WIKIGENE"
"RPS6","ENSG00000137154","RPS6","ribosomal protein S6 [Source:HGNC Symbol;Acc:HGNC:10429]","ENTREZGENE,GENECARDS,HGNC,UNIPROT_GN,WIKIGENE"
"RPS6KA3","ENSG00000177189","RPS6KA3","ribosomal protein S6 kinase A3 [Source:HGNC Symbol;Acc:HGNC:10432]","ENTREZGENE,GENECARDS,HGNC,UNIPROT_GN,WIKIGENE"
"RPS6KB1","ENSG00000108443","RPS6KB1","ribosomal protein S6 kinase B1 [Source:HGNC Symbol;Acc:HGNC:10436]","ENTREZGENE,GENECARDS,HGNC,UNIPROT_GN,WIKIGENE"
"RPS6KB1","ENSG00000108443","RPS6KB1","ribosomal protein S6 kinase B1 [Source:HGNC Symbol;Acc:HGNC:10436]","ENTREZGENE,GENECARDS,HGNC,UNIPROT_GN,WIKIGENE"
"RPS6KB2","ENSG00000175634","RPS6KB2","ribosomal protein S6 kinase B2 [Source:HGNC Symbol;Acc:HGNC:10437]","ENTREZGENE,GENECARDS,HGNC,UNIPROT_GN,WIKIGENE"
"RPTOR","ENSG00000141564","RPTOR","regulatory associated protein of MTOR complex 1 [Source:HGNC Symbol;Acc:HGNC:30287]","ENTREZGENE,GENECARDS,HGNC,UNIPROT_GN,WIKIGENE"
"RPTOR","ENSG00000141564","RPTOR","regulatory associated protein of MTOR complex 1 [Source:HGNC Symbol;Acc:HGNC:30287]","ENTREZGENE,GENECARDS,HGNC,UNIPROT_GN,WIKIGENE"
"RRAGB","ENSG00000083750","RRAGB","Ras related GTP binding B [Source:HGNC Symbol;Acc:HGNC:19901]","ENTREZGENE,GENECARDS,HGNC,UNIPROT_GN,WIKIGENE"
"RRAGC","ENSG00000116954","RRAGC","Ras related GTP binding C [Source:HGNC Symbol;Acc:HGNC:19902]","ENTREZGENE,GENECARDS,HGNC,UNIPROT_GN,WIKIGENE"
"RRAGD","ENSG00000025039","RRAGD","Ras related GTP binding D [Source:HGNC Symbol;Acc:HGNC:19903]","ENTREZGENE,GENECARDS,HGNC,UNIPROT_GN,WIKIGENE"
"RUBCN","ENSG00000145016","RUBCN","rubicon autophagy regulator [Source:HGNC Symbol;Acc:HGNC:28991]","ENTREZGENE,GENECARDS,HGNC,UNIPROT_GN,WIKIGENE"
"RUVBL1","ENSG00000175792","RUVBL1","RuvB like AAA ATPase 1 [Source:HGNC Symbol;Acc:HGNC:10474]","ENTREZGENE,GENECARDS,HGNC,UNIPROT_GN,WIKIGENE"
"RUVBL2","ENSG00000183207","RUVBL2","RuvB like AAA ATPase 2 [Source:HGNC Symbol;Acc:HGNC:10475]","ENTREZGENE,GENECARDS,HGNC,UNIPROT_GN,WIKIGENE"
"SCN2B","ENSG00000149575","SCN2B","sodium voltage-gated channel beta subunit 2 [Source:HGNC Symbol;Acc:HGNC:10589]","ENTREZGENE,GENECARDS,HGNC,UNIPROT_GN,WIKIGENE"
"SCN3B","ENSG00000166257","SCN3B","sodium voltage-gated channel beta subunit 3 [Source:HGNC Symbol;Acc:HGNC:20665]","ENTREZGENE,GENECARDS,HGNC,UNIPROT_GN,WIKIGENE"
"SCNN1B","ENSG00000168447","SCNN1B","sodium channel epithelial 1 subunit beta [Source:HGNC Symbol;Acc:HGNC:10600]","ENTREZGENE,GENECARDS,HGNC,UNIPROT_GN,WIKIGENE"
"SEMA4C","ENSG00000168758","SEMA4C","semaphorin 4C [Source:HGNC Symbol;Acc:HGNC:10731]","ENTREZGENE,GENECARDS,HGNC,UNIPROT_GN,WIKIGENE"
"SEPTIN2","ENSG00000168385","SEPTIN2","septin 2 [Source:HGNC Symbol;Acc:HGNC:7729]","ENTREZGENE,GENECARDS,HGNC,UNIPROT_GN,WIKIGENE"
"SFN","ENSG00000175793","SFN","stratifin [Source:HGNC Symbol;Acc:HGNC:10773]","ENTREZGENE,GENECARDS,HGNC,UNIPROT_GN,WIKIGENE"
"SGK1","ENSG00000118515","SGK1","serum/glucocorticoid regulated kinase 1 [Source:HGNC Symbol;Acc:HGNC:10810]","ENTREZGENE,GENECARDS,HGNC,UNIPROT_GN,WIKIGENE"
"SGK1","ENSG00000118515","SGK1","serum/glucocorticoid regulated kinase 1 [Source:HGNC Symbol;Acc:HGNC:10810]","ENTREZGENE,GENECARDS,HGNC,UNIPROT_GN,WIKIGENE"
"SGTB","ENSG00000197860","SGTB","small glutamine rich tetratricopeptide repeat co-chaperone beta [Source:HGNC Symbol;Acc:HGNC:23567]","ENTREZGENE,GENECARDS,HGNC,UNIPROT_GN,WIKIGENE"
"SHMT2","ENSG00000182199","SHMT2","serine hydroxymethyltransferase 2 [Source:HGNC Symbol;Acc:HGNC:10852]","ENTREZGENE,GENECARDS,HGNC,UNIPROT_GN,WIKIGENE"
"SHOC2","ENSG00000108061","SHOC2","SHOC2 leucine rich repeat scaffold protein [Source:HGNC Symbol;Acc:HGNC:15454]","ENTREZGENE,GENECARDS,HGNC,UNIPROT_GN,WIKIGENE"
"SHPRH","ENSG00000146414","SHPRH","SNF2 histone linker PHD RING helicase [Source:HGNC Symbol;Acc:HGNC:19336]","ENTREZGENE,GENECARDS,HGNC,UNIPROT_GN,WIKIGENE"
"SIRT1","ENSG00000096717","SIRT1","sirtuin 1 [Source:HGNC Symbol;Acc:HGNC:14929]","ENTREZGENE,GENECARDS,HGNC,UNIPROT_GN,WIKIGENE"
"SIRT7","ENSG00000187531","SIRT7","sirtuin 7 [Source:HGNC Symbol;Acc:HGNC:14935]","ENTREZGENE,GENECARDS,HGNC,UNIPROT_GN,WIKIGENE"
"SKP2","ENSG00000145604","SKP2","S-phase kinase associated protein 2 [Source:HGNC Symbol;Acc:HGNC:10901]","ENTREZGENE,GENECARDS,HGNC,UNIPROT_GN,WIKIGENE"
"SLC31A1","ENSG00000136868","SLC31A1","solute carrier family 31 member 1 [Source:HGNC Symbol;Acc:HGNC:11016]","ENTREZGENE,GENECARDS,HGNC,UNIPROT_GN,WIKIGENE"
"SLC38A7","ENSG00000103042","SLC38A7","solute carrier family 38 member 7 [Source:HGNC Symbol;Acc:HGNC:25582]","ENTREZGENE,GENECARDS,HGNC,UNIPROT_GN,WIKIGENE"
"SLC9A3R2","ENSG00000065054","NHERF2","NHERF family PDZ scaffold protein 2 [Source:HGNC Symbol;Acc:HGNC:11076]","UNIPROT_GN"
"SMAD4","ENSG00000141646","SMAD4","SMAD family member 4 [Source:HGNC Symbol;Acc:HGNC:6770]","ENTREZGENE,GENECARDS,HGNC,UNIPROT_GN,WIKIGENE"
"SMDT1","ENSG00000183172","SMDT1","single-pass membrane protein with aspartate rich tail 1 [Source:HGNC Symbol;Acc:HGNC:25055]","ENTREZGENE,GENECARDS,HGNC,UNIPROT_GN,WIKIGENE"
"SNAPC1","ENSG00000023608","SNAPC1","small nuclear RNA activating complex polypeptide 1 [Source:HGNC Symbol;Acc:HGNC:11134]","ENTREZGENE,GENECARDS,HGNC,UNIPROT_GN,WIKIGENE"
"SOCS2","ENSG00000120833","SOCS2","suppressor of cytokine signaling 2 [Source:HGNC Symbol;Acc:HGNC:19382]","ENTREZGENE,GENECARDS,HGNC,UNIPROT_GN,WIKIGENE"
"SOSTDC1","ENSG00000171243","SOSTDC1","sclerostin domain containing 1 [Source:HGNC Symbol;Acc:HGNC:21748]","ENTREZGENE,GENECARDS,HGNC,UNIPROT_GN,WIKIGENE"
"SPN","ENSG00000197471","SPN","sialophorin [Source:HGNC Symbol;Acc:HGNC:11249]","ENTREZGENE,GENECARDS,HGNC,UNIPROT_GN,WIKIGENE"
"SPPL3","ENSG00000157837","SPPL3","signal peptide peptidase like 3 [Source:HGNC Symbol;Acc:HGNC:30424]","ENTREZGENE,GENECARDS,HGNC,UNIPROT_GN,WIKIGENE"
"SQSTM1","ENSG00000161011","SQSTM1","sequestosome 1 [Source:HGNC Symbol;Acc:HGNC:11280]","ENTREZGENE,GENECARDS,HGNC,UNIPROT_GN,WIKIGENE"
"SSB","ENSG00000138385","SSB","small RNA binding exonuclease protection factor La [Source:HGNC Symbol;Acc:HGNC:11316]","ENTREZGENE,GENECARDS,HGNC,UNIPROT_GN,WIKIGENE"
"STAT1","ENSG00000115415","STAT1","signal transducer and activator of transcription 1 [Source:HGNC Symbol;Acc:HGNC:11362]","ENTREZGENE,GENECARDS,HGNC,UNIPROT_GN,WIKIGENE"
"STAT3","ENSG00000168610","STAT3","signal transducer and activator of transcription 3 [Source:HGNC Symbol;Acc:HGNC:11364]","ENTREZGENE,GENECARDS,HGNC,UNIPROT_GN,WIKIGENE"
"STAT3","ENSG00000168610","STAT3","signal transducer and activator of transcription 3 [Source:HGNC Symbol;Acc:HGNC:11364]","ENTREZGENE,GENECARDS,HGNC,UNIPROT_GN,WIKIGENE"
"STAU1","ENSG00000124214","STAU1","staufen double-stranded RNA binding protein 1 [Source:HGNC Symbol;Acc:HGNC:11370]","ENTREZGENE,GENECARDS,HGNC,UNIPROT_GN,WIKIGENE"
"STIP1","ENSG00000168439","STIP1","stress induced phosphoprotein 1 [Source:HGNC Symbol;Acc:HGNC:11387]","ENTREZGENE,GENECARDS,HGNC,UNIPROT_GN,WIKIGENE"
"STK38","ENSG00000112079","STK38","serine/threonine kinase 38 [Source:HGNC Symbol;Acc:HGNC:17847]","ENTREZGENE,GENECARDS,HGNC,UNIPROT_GN,WIKIGENE"
"STUB1","ENSG00000103266","STUB1","STIP1 homology and U-box containing protein 1 [Source:HGNC Symbol;Acc:HGNC:11427]","ENTREZGENE,GENECARDS,HGNC,UNIPROT_GN,WIKIGENE"
"SUMO1","ENSG00000116030","SUMO1","small ubiquitin like modifier 1 [Source:HGNC Symbol;Acc:HGNC:12502]","ENTREZGENE,GENECARDS,HGNC,UNIPROT_GN,WIKIGENE"
"SUZ12","ENSG00000178691","SUZ12","SUZ12 polycomb repressive complex 2 subunit [Source:HGNC Symbol;Acc:HGNC:17101]","ENTREZGENE,GENECARDS,HGNC,UNIPROT_GN,WIKIGENE"
"SYNCRIP","ENSG00000135316","SYNCRIP","synaptotagmin binding cytoplasmic RNA interacting protein [Source:HGNC Symbol;Acc:HGNC:16918]","ENTREZGENE,GENECARDS,HGNC,UNIPROT_GN,WIKIGENE"
"SYNCRIP","ENSG00000271793","None","novel protein, SYNCRIP-SNX14 readthrough","ENTREZGENE,GENECARDS,HGNC,UNIPROT_GN,WIKIGENE"
"SYVN1","ENSG00000162298","SYVN1","synoviolin 1 [Source:HGNC Symbol;Acc:HGNC:20738]","ENTREZGENE,GENECARDS,HGNC,UNIPROT_GN,WIKIGENE"
"TACSTD2","ENSG00000184292","TACSTD2","tumor associated calcium signal transducer 2 [Source:HGNC Symbol;Acc:HGNC:11530]","ENTREZGENE,GENECARDS,HGNC,UNIPROT_GN,WIKIGENE"
"TBK1","ENSG00000183735","TBK1","TANK binding kinase 1 [Source:HGNC Symbol;Acc:HGNC:11584]","ENTREZGENE,GENECARDS,HGNC,UNIPROT_GN,WIKIGENE"
"TELO2","ENSG00000100726","TELO2","telomere maintenance 2 [Source:HGNC Symbol;Acc:HGNC:29099]","ENTREZGENE,GENECARDS,HGNC,UNIPROT_GN,WIKIGENE"
"TERF1","ENSG00000147601","TERF1","telomeric repeat binding factor 1 [Source:HGNC Symbol;Acc:HGNC:11728]","ENTREZGENE,GENECARDS,HGNC,UNIPROT_GN,WIKIGENE"
"TERT","ENSG00000164362","TERT","telomerase reverse transcriptase [Source:HGNC Symbol;Acc:HGNC:11730]","ENTREZGENE,GENECARDS,HGNC,UNIPROT_GN,WIKIGENE"
"THADA","ENSG00000115970","THADA","THADA armadillo repeat containing [Source:HGNC Symbol;Acc:HGNC:19217]","ENTREZGENE,GENECARDS,HGNC,UNIPROT_GN,WIKIGENE"
"TIPARP","ENSG00000163659","TIPARP","TCDD inducible poly(ADP-ribose) polymerase [Source:HGNC Symbol;Acc:HGNC:23696]","ENTREZGENE,GENECARDS,HGNC,UNIPROT_GN,WIKIGENE"
"TMEM109","ENSG00000110108","TMEM109","transmembrane protein 109 [Source:HGNC Symbol;Acc:HGNC:28771]","ENTREZGENE,GENECARDS,HGNC,UNIPROT_GN,WIKIGENE"
"TMEM184C","ENSG00000164168","TMEM184C","transmembrane protein 184C [Source:HGNC Symbol;Acc:HGNC:25587]","ENTREZGENE,GENECARDS,HGNC,UNIPROT_GN,WIKIGENE"
"TNFAIP3","ENSG00000118503","TNFAIP3","TNF alpha induced protein 3 [Source:HGNC Symbol;Acc:HGNC:11896]","ENTREZGENE,GENECARDS,HGNC,UNIPROT_GN,WIKIGENE"
"TNFSF13B","ENSG00000102524","TNFSF13B","TNF superfamily member 13b [Source:HGNC Symbol;Acc:HGNC:11929]","ENTREZGENE,GENECARDS,HGNC,UNIPROT_GN,WIKIGENE"
"TNFSF8","ENSG00000106952","TNFSF8","TNF superfamily member 8 [Source:HGNC Symbol;Acc:HGNC:11938]","ENTREZGENE,GENECARDS,HGNC,UNIPROT_GN,WIKIGENE"
"TOP1","ENSG00000198900","TOP1","DNA topoisomerase I [Source:HGNC Symbol;Acc:HGNC:11986]","ENTREZGENE,GENECARDS,HGNC,UNIPROT_GN,WIKIGENE"
"TOP3B","ENSG00000100038","TOP3B","DNA topoisomerase III beta [Source:HGNC Symbol;Acc:HGNC:11993]","ENTREZGENE,GENECARDS,HGNC,UNIPROT_GN,WIKIGENE"
"TP53","ENSG00000141510","TP53","tumor protein p53 [Source:HGNC Symbol;Acc:HGNC:11998]","DBASS5,ENTREZGENE,GENECARDS,HGNC,UNIPROT_GN,WIKIGENE"
"TRAF2","ENSG00000127191","TRAF2","TNF receptor associated factor 2 [Source:HGNC Symbol;Acc:HGNC:12032]","ENTREZGENE,GENECARDS,HGNC,UNIPROT_GN,WIKIGENE"
"TRAF6","ENSG00000175104","TRAF6","TNF receptor associated factor 6 [Source:HGNC Symbol;Acc:HGNC:12036]","ENTREZGENE,GENECARDS,HGNC,UNIPROT_GN,WIKIGENE"
"TRIM14","ENSG00000106785","TRIM14","tripartite motif containing 14 [Source:HGNC Symbol;Acc:HGNC:16283]","ENTREZGENE,GENECARDS,HGNC,UNIPROT_GN,WIKIGENE"
"TRIM25","ENSG00000121060","TRIM25","tripartite motif containing 25 [Source:HGNC Symbol;Acc:HGNC:12932]","ENTREZGENE,GENECARDS,HGNC,UNIPROT_GN,WIKIGENE"
"TRIM28","ENSG00000130726","TRIM28","tripartite motif containing 28 [Source:HGNC Symbol;Acc:HGNC:16384]","ENTREZGENE,GENECARDS,HGNC,UNIPROT_GN,WIKIGENE"
"TRIM37","ENSG00000108395","TRIM37","tripartite motif containing 37 [Source:HGNC Symbol;Acc:HGNC:7523]","ENTREZGENE,GENECARDS,HGNC,UNIPROT_GN,WIKIGENE"
"TRIM67","ENSG00000119283","TRIM67","tripartite motif containing 67 [Source:HGNC Symbol;Acc:HGNC:31859]","ENTREZGENE,GENECARDS,HGNC,UNIPROT_GN,WIKIGENE"
"TRMT61A","ENSG00000166166","TRMT61A","tRNA methyltransferase 61A [Source:HGNC Symbol;Acc:HGNC:23790]","ENTREZGENE,GENECARDS,HGNC,UNIPROT_GN,WIKIGENE"
"TSC22D3","ENSG00000157514","TSC22D3","TSC22 domain family member 3 [Source:HGNC Symbol;Acc:HGNC:3051]","ENTREZGENE,GENECARDS,HGNC,UNIPROT_GN,WIKIGENE"
"TTI1","ENSG00000101407","TTI1","TELO2 interacting protein 1 [Source:HGNC Symbol;Acc:HGNC:29029]","ENTREZGENE,GENECARDS,HGNC,UNIPROT_GN,WIKIGENE"
"TTI1","ENSG00000101407","TTI1","TELO2 interacting protein 1 [Source:HGNC Symbol;Acc:HGNC:29029]","ENTREZGENE,GENECARDS,HGNC,UNIPROT_GN,WIKIGENE"
"TUBA1A","ENSG00000167552","TUBA1A","tubulin alpha 1a [Source:HGNC Symbol;Acc:HGNC:20766]","ENTREZGENE,GENECARDS,HGNC,UNIPROT_GN,WIKIGENE"
"TUBA1B","ENSG00000123416","TUBA1B","tubulin alpha 1b [Source:HGNC Symbol;Acc:HGNC:18809]","ENTREZGENE,GENECARDS,HGNC,UNIPROT_GN,WIKIGENE"
"TUBB","ENSG00000196230","TUBB","tubulin beta class I [Source:HGNC Symbol;Acc:HGNC:20778]","ENTREZGENE,GENECARDS,HGNC,UNIPROT_GN,WIKIGENE"
"TUBB4A","ENSG00000104833","TUBB4A","tubulin beta 4A class IVa [Source:HGNC Symbol;Acc:HGNC:20774]","ENTREZGENE,GENECARDS,HGNC,UNIPROT_GN,WIKIGENE"
"TUFM","ENSG00000178952","TUFM","Tu translation elongation factor, mitochondrial [Source:HGNC Symbol;Acc:HGNC:12420]","ENTREZGENE,GENECARDS,HGNC,UNIPROT_GN,WIKIGENE"
"UBAP2L","ENSG00000143569","UBAP2L","ubiquitin associated protein 2 like [Source:HGNC Symbol;Acc:HGNC:29877]","ENTREZGENE,GENECARDS,HGNC,UNIPROT_GN,WIKIGENE"
"UBC","ENSG00000150991","UBC","ubiquitin C [Source:HGNC Symbol;Acc:HGNC:12468]","ENTREZGENE,GENECARDS,HGNC,UNIPROT_GN,WIKIGENE"
"UBE2M","ENSG00000130725","UBE2M","ubiquitin conjugating enzyme E2 M [Source:HGNC Symbol;Acc:HGNC:12491]","ENTREZGENE,GENECARDS,HGNC,UNIPROT_GN,WIKIGENE"
"UBQLN1","ENSG00000135018","UBQLN1","ubiquilin 1 [Source:HGNC Symbol;Acc:HGNC:12508]","ENTREZGENE,GENECARDS,HGNC,UNIPROT_GN,WIKIGENE"
"UBR5","ENSG00000104517","UBR5","ubiquitin protein ligase E3 component n-recognin 5 [Source:HGNC Symbol;Acc:HGNC:16806]","ENTREZGENE,GENECARDS,HGNC,UNIPROT_GN,WIKIGENE"
"ULK1","ENSG00000177169","ULK1","unc-51 like autophagy activating kinase 1 [Source:HGNC Symbol;Acc:HGNC:12558]","ENTREZGENE,GENECARDS,HGNC,UNIPROT_GN,WIKIGENE"
"UNC93B1","ENSG00000110057","UNC93B1","unc-93 homolog B1, TLR signaling regulator [Source:HGNC Symbol;Acc:HGNC:13481]","ENTREZGENE,GENECARDS,HGNC,UNIPROT_GN,WIKIGENE"
"USP1","ENSG00000162607","USP1","ubiquitin specific peptidase 1 [Source:HGNC Symbol;Acc:HGNC:12607]","ENTREZGENE,GENECARDS,HGNC,UNIPROT_GN,WIKIGENE"
"USP11","ENSG00000102226","USP11","ubiquitin specific peptidase 11 [Source:HGNC Symbol;Acc:HGNC:12609]","ENTREZGENE,GENECARDS,HGNC,UNIPROT_GN,WIKIGENE"
"USP9X","ENSG00000124486","USP9X","ubiquitin specific peptidase 9 X-linked [Source:HGNC Symbol;Acc:HGNC:12632]","ENTREZGENE,GENECARDS,HGNC,UNIPROT_GN,WIKIGENE"
"UVRAG","ENSG00000198382","UVRAG","UV radiation resistance associated [Source:HGNC Symbol;Acc:HGNC:12640]","ENTREZGENE,GENECARDS,HGNC,UNIPROT_GN,WIKIGENE"
"VCP","ENSG00000165280","VCP","valosin containing protein [Source:HGNC Symbol;Acc:HGNC:12666]","ENTREZGENE,GENECARDS,HGNC,UNIPROT_GN,WIKIGENE"
"VHL","ENSG00000134086","VHL","von Hippel-Lindau tumor suppressor [Source:HGNC Symbol;Acc:HGNC:12687]","ENTREZGENE,GENECARDS,HGNC,UNIPROT_GN,WIKIGENE"
"VIPR2","ENSG00000106018","VIPR2","vasoactive intestinal peptide receptor 2 [Source:HGNC Symbol;Acc:HGNC:12695]","ENTREZGENE,GENECARDS,HGNC,UNIPROT_GN,WIKIGENE"
"VIRMA","ENSG00000164944","VIRMA","vir like m6A methyltransferase associated [Source:HGNC Symbol;Acc:HGNC:24500]","ENTREZGENE,GENECARDS,HGNC,UNIPROT_GN,WIKIGENE"
"VMP1","ENSG00000062716","VMP1","vacuole membrane protein 1 [Source:HGNC Symbol;Acc:HGNC:29559]","ENTREZGENE,GENECARDS,HGNC,UNIPROT_GN,WIKIGENE"
"VPS16","ENSG00000215305","VPS16","VPS16 core subunit of CORVET and HOPS complexes [Source:HGNC Symbol;Acc:HGNC:14584]","ENTREZGENE,GENECARDS,HGNC,UNIPROT_GN,WIKIGENE"
"VSIG2","ENSG00000019102","VSIG2","V-set and immunoglobulin domain containing 2 [Source:HGNC Symbol;Acc:HGNC:17149]","ENTREZGENE,GENECARDS,HGNC,UNIPROT_GN,WIKIGENE"
"VSIG4","ENSG00000155659","VSIG4","V-set and immunoglobulin domain containing 4 [Source:HGNC Symbol;Acc:HGNC:17032]","ENTREZGENE,GENECARDS,HGNC,UNIPROT_GN,WIKIGENE"
"WDR48","ENSG00000114742","WDR48","WD repeat domain 48 [Source:HGNC Symbol;Acc:HGNC:30914]","ENTREZGENE,GENECARDS,HGNC,UNIPROT_GN,WIKIGENE"
"WDR5","ENSG00000196363","WDR5","WD repeat domain 5 [Source:HGNC Symbol;Acc:HGNC:12757]","ENTREZGENE,GENECARDS,HGNC,UNIPROT_GN,WIKIGENE"
"WEE1","ENSG00000166483","WEE1","WEE1 G2 checkpoint kinase [Source:HGNC Symbol;Acc:HGNC:12761]","ENTREZGENE,GENECARDS,HGNC,UNIPROT_GN,WIKIGENE"
"WIPI2","ENSG00000157954","WIPI2","WD repeat domain, phosphoinositide interacting 2 [Source:HGNC Symbol;Acc:HGNC:32225]","ENTREZGENE,GENECARDS,HGNC,UNIPROT_GN,WIKIGENE"
"WNK1","ENSG00000060237","WNK1","WNK lysine deficient protein kinase 1 [Source:HGNC Symbol;Acc:HGNC:14540]","ENTREZGENE,GENECARDS,HGNC,UNIPROT_GN,WIKIGENE"
"WNK2","ENSG00000165238","WNK2","WNK lysine deficient protein kinase 2 [Source:HGNC Symbol;Acc:HGNC:14542]","ENTREZGENE,GENECARDS,HGNC,UNIPROT_GN,WIKIGENE"
"WNK4","ENSG00000126562","WNK4","WNK lysine deficient protein kinase 4 [Source:HGNC Symbol;Acc:HGNC:14544]","ENTREZGENE,GENECARDS,HGNC,UNIPROT_GN,WIKIGENE"
"WWOX","ENSG00000186153","WWOX","WW domain containing oxidoreductase [Source:HGNC Symbol;Acc:HGNC:12799]","ENTREZGENE,GENECARDS,HGNC,UNIPROT_GN,WIKIGENE"
"XPO1","ENSG00000082898","XPO1","exportin 1 [Source:HGNC Symbol;Acc:HGNC:12825]","ENTREZGENE,GENECARDS,HGNC,UNIPROT_GN,WIKIGENE"
"XPO4","ENSG00000132953","XPO4","exportin 4 [Source:HGNC Symbol;Acc:HGNC:17796]","ENTREZGENE,GENECARDS,HGNC,UNIPROT_GN,WIKIGENE"
"XPO6","ENSG00000169180","XPO6","exportin 6 [Source:HGNC Symbol;Acc:HGNC:19733]","ENTREZGENE,GENECARDS,HGNC,UNIPROT_GN,WIKIGENE"
"YAP1","ENSG00000137693","YAP1","Yes1 associated transcriptional regulator [Source:HGNC Symbol;Acc:HGNC:16262]","ENTREZGENE,GENECARDS,HGNC,UNIPROT_GN,WIKIGENE"
"YEATS4","ENSG00000127337","YEATS4","YEATS domain containing 4 [Source:HGNC Symbol;Acc:HGNC:24859]","ENTREZGENE,GENECARDS,HGNC,UNIPROT_GN,WIKIGENE"
"YWHAB","ENSG00000166913","YWHAB","tyrosine 3-monooxygenase/tryptophan 5-monooxygenase activation protein beta [Source:HGNC Symbol;Acc:HGNC:12849]","ENTREZGENE,GENECARDS,HGNC,UNIPROT_GN,WIKIGENE"
"YWHAE","ENSG00000108953","YWHAE","tyrosine 3-monooxygenase/tryptophan 5-monooxygenase activation protein epsilon [Source:HGNC Symbol;Acc:HGNC:12851]","ENTREZGENE,GENECARDS,HGNC,UNIPROT_GN,WIKIGENE"
"YWHAG","ENSG00000170027","YWHAG","tyrosine 3-monooxygenase/tryptophan 5-monooxygenase activation protein gamma [Source:HGNC Symbol;Acc:HGNC:12852]","ENTREZGENE,GENECARDS,HGNC,UNIPROT_GN,WIKIGENE"
"YWHAH","ENSG00000128245","YWHAH","tyrosine 3-monooxygenase/tryptophan 5-monooxygenase activation protein eta [Source:HGNC Symbol;Acc:HGNC:12853]","ENTREZGENE,GENECARDS,HGNC,UNIPROT_GN,WIKIGENE"
"YWHAQ","ENSG00000134308","YWHAQ","tyrosine 3-monooxygenase/tryptophan 5-monooxygenase activation protein theta [Source:HGNC Symbol;Acc:HGNC:12854]","ENTREZGENE,GENECARDS,HGNC,UNIPROT_GN,WIKIGENE"
"YWHAZ","ENSG00000164924","YWHAZ","tyrosine 3-monooxygenase/tryptophan 5-monooxygenase activation protein zeta [Source:HGNC Symbol;Acc:HGNC:12855]","ENTREZGENE,GENECARDS,HGNC,UNIPROT_GN,WIKIGENE"
"ZDHHC18","ENSG00000204160","ZDHHC18","zinc finger DHHC-type palmitoyltransferase 18 [Source:HGNC Symbol;Acc:HGNC:20712]","ENTREZGENE,GENECARDS,HGNC,UNIPROT_GN,WIKIGENE"
"ZDHHC23","ENSG00000184307","ZDHHC23","zinc finger DHHC-type palmitoyltransferase 23 [Source:HGNC Symbol;Acc:HGNC:28654]","ENTREZGENE,GENECARDS,HGNC,UNIPROT_GN,WIKIGENE"
"ZKSCAN1","ENSG00000106261","ZKSCAN1","zinc finger with KRAB and SCAN domains 1 [Source:HGNC Symbol;Acc:HGNC:13101]","ENTREZGENE,GENECARDS,HGNC,UNIPROT_GN,WIKIGENE"
"ZNRF2","ENSG00000180233","ZNRF2","zinc and ring finger 2 [Source:HGNC Symbol;Acc:HGNC:22316]","ENTREZGENE,GENECARDS,HGNC,UNIPROT_GN,WIKIGENE"
"ZRANB1","ENSG00000019995","ZRANB1","zinc finger RANBP2-type containing 1 [Source:HGNC Symbol;Acc:HGNC:18224]","ENTREZGENE,GENECARDS,HGNC,UNIPROT_GN,WIKIGENE"
"ZSCAN26","ENSG00000197062","ZSCAN26","zinc finger and SCAN domain containing 26 [Source:HGNC Symbol;Acc:HGNC:12978]","ENTREZGENE,GENECARDS,HGNC,UNIPROT_GN,WIKIGENE"
"ZUFSP","ENSG00000153975","ZUP1","zinc finger containing ubiquitin peptidase 1 [Source:HGNC Symbol;Acc:HGNC:21224]","UNIPROT_GN"